Item_Identifier,Outlet_Identifier,Item_Outlet_Sales
FDW58,OUT049,inf
FDW14,OUT017,inf
NCN55,OUT010,inf
FDQ58,OUT017,inf
FDY38,OUT027,inf
FDH56,OUT046,inf
FDL48,OUT018,inf
FDC48,OUT027,inf
FDN33,OUT045,inf
FDA36,OUT017,inf
FDT44,OUT017,inf
FDQ56,OUT045,inf
NCC54,OUT019,inf
FDU11,OUT049,inf
DRL59,OUT013,inf
FDM24,OUT049,inf
FDI57,OUT045,inf
DRC12,OUT018,inf
NCM42,OUT027,inf
FDA46,OUT010,inf
FDA31,OUT013,inf
NCJ31,OUT035,inf
FDG52,OUT046,inf
NCL19,OUT019,inf
FDS10,OUT035,inf
FDX22,OUT010,inf
NCF19,OUT035,inf
NCE06,OUT046,inf
DRC27,OUT046,inf
FDE21,OUT035,inf
NCR42,OUT019,inf
FDX51,OUT018,inf
NCR06,OUT018,inf
FDU31,OUT027,inf
FDU59,OUT017,inf
FDR03,OUT027,inf
FDS49,OUT027,inf
FDD48,OUT010,inf
NCF18,OUT017,inf
NCD43,OUT027,inf
NCD54,OUT018,inf
FDY19,OUT010,inf
NCY54,OUT017,inf
NCL19,OUT018,inf
FDP23,OUT010,inf
FDC26,OUT013,inf
FDR14,OUT010,inf
NCS41,OUT035,inf
FDF41,OUT035,inf
FDU34,OUT046,inf
DRH11,OUT046,inf
FDM03,OUT013,inf
FDS31,OUT017,inf
FDJ20,OUT017,inf
FDV44,OUT027,inf
FDG02,OUT049,inf
FDA09,OUT013,inf
FDT04,OUT013,inf
FDL58,OUT019,inf
FDE52,OUT045,inf
FDW12,OUT035,inf
FDL51,OUT017,inf
NCY42,OUT027,inf
FDR07,OUT017,inf
FDN40,OUT045,inf
FDB35,OUT027,inf
FDA22,OUT017,inf
NCL06,OUT046,inf
FDI35,OUT013,inf
NCW42,OUT045,inf
NCX06,OUT049,inf
FDC37,OUT027,inf
FDZ14,OUT018,inf
DRG49,OUT049,inf
NCG06,OUT045,inf
DRC36,OUT045,inf
FDV21,OUT019,inf
FDB53,OUT046,inf
DRP47,OUT019,inf
FDA14,OUT013,inf
DRC24,OUT035,inf
FDW21,OUT018,inf
NCH29,OUT046,inf
FDU58,OUT013,inf
FDY27,OUT017,inf
FDV56,OUT035,inf
FDT59,OUT046,inf
FDB23,OUT046,inf
FDR49,OUT045,inf
FDB03,OUT010,inf
FDN39,OUT045,inf
FDX02,OUT027,inf
FDQ16,OUT027,inf
FDU35,OUT018,inf
NCT29,OUT013,inf
FDZ27,OUT046,inf
FDN57,OUT017,inf
FDA03,OUT018,inf
FDZ36,OUT045,inf
NCU05,OUT013,inf
FDT39,OUT018,inf
FDK60,OUT017,inf
FDZ25,OUT017,inf
FDG12,OUT046,inf
DRB01,OUT019,inf
NCC43,OUT027,inf
FDX13,OUT019,inf
FDM22,OUT049,inf
FDJ03,OUT027,inf
FDU14,OUT018,inf
FDB33,OUT010,inf
FDP27,OUT046,inf
FDO38,OUT010,inf
FDE28,OUT027,inf
FDO27,OUT035,inf
DRL23,OUT027,inf
FDS28,OUT046,inf
FDX24,OUT013,inf
FDZ02,OUT035,inf
FDL46,OUT045,inf
FDS60,OUT027,inf
NCO06,OUT017,inf
FDO16,OUT035,inf
FDC60,OUT049,inf
FDA48,OUT018,inf
FDZ36,OUT027,inf
FDK27,OUT045,inf
FDW23,OUT018,inf
FDM14,OUT018,inf
FDM14,OUT013,inf
FDW60,OUT018,inf
FDE21,OUT013,inf
NCM42,OUT035,inf
FDY59,OUT010,inf
DRI49,OUT049,inf
FDT28,OUT019,inf
FDQ22,OUT018,inf
FDR60,OUT049,inf
FDC50,OUT019,inf
FDV24,OUT013,inf
DRF48,OUT010,inf
FDQ47,OUT046,inf
DRN36,OUT049,inf
NCY06,OUT035,inf
FDE52,OUT035,inf
NCB54,OUT045,inf
NCF31,OUT035,inf
FDJ08,OUT027,inf
NCC07,OUT017,inf
NCD19,OUT027,inf
FDL46,OUT049,inf
FDM20,OUT045,inf
NCI06,OUT010,inf
DRM11,OUT035,inf
NCH07,OUT018,inf
FDS23,OUT013,inf
FDO49,OUT018,inf
FDS35,OUT049,inf
DRK39,OUT045,inf
DRI39,OUT049,inf
FDV04,OUT017,inf
NCN14,OUT035,inf
FDH08,OUT013,inf
FDS20,OUT046,inf
FDV40,OUT049,inf
FDZ48,OUT010,inf
FDS24,OUT027,inf
FDK44,OUT049,inf
FDS48,OUT045,inf
FDK26,OUT010,inf
FDD23,OUT045,inf
NCH54,OUT017,inf
NCP14,OUT010,inf
FDM60,OUT010,inf
FDV24,OUT017,inf
FDH08,OUT018,inf
FDS12,OUT027,inf
FDR39,OUT027,inf
FDP12,OUT027,inf
DRF60,OUT027,inf
FDC09,OUT035,inf
FDF50,OUT018,inf
FDG28,OUT035,inf
NCE19,OUT017,inf
NCM53,OUT010,inf
NCN18,OUT049,inf
FDF32,OUT035,inf
FDF11,OUT013,inf
DRI59,OUT049,inf
NCG54,OUT035,inf
FDM44,OUT046,inf
FDT57,OUT018,inf
FDV24,OUT046,inf
FDI50,OUT019,inf
FDS09,OUT035,inf
NCC31,OUT027,inf
FDQ07,OUT019,inf
FDC22,OUT017,inf
FDZ56,OUT046,inf
FDZ40,OUT019,inf
FDS46,OUT027,inf
DRD24,OUT045,inf
FDV45,OUT017,inf
FDL26,OUT045,inf
FDA56,OUT018,inf
FDN27,OUT046,inf
FDM20,OUT049,inf
FDO16,OUT017,inf
FDL03,OUT035,inf
FDE58,OUT046,inf
FDI02,OUT027,inf
NCC55,OUT019,inf
FDR03,OUT018,inf
FDB14,OUT017,inf
FDR45,OUT013,inf
NCN07,OUT017,inf
FDM51,OUT019,inf
FDT52,OUT027,inf
FDL26,OUT046,inf
NCZ42,OUT046,inf
DRI47,OUT019,inf
FDW40,OUT013,inf
FDN34,OUT046,inf
FDS01,OUT035,inf
NCG55,OUT045,inf
FDC11,OUT035,inf
FDX35,OUT018,inf
NCB06,OUT046,inf
FDR09,OUT019,inf
FDC53,OUT017,inf
FDY45,OUT013,inf
FDA22,OUT010,inf
FDE02,OUT035,inf
FDW21,OUT045,inf
FDV34,OUT046,inf
FDS59,OUT049,inf
NCW17,OUT017,inf
NCK54,OUT046,inf
FDG17,OUT019,inf
FDG35,OUT017,inf
FDD08,OUT010,inf
NCO07,OUT017,inf
FDJ10,OUT010,inf
FDW36,OUT017,inf
FDW21,OUT010,inf
FDY19,OUT017,inf
DRE03,OUT013,inf
NCC55,OUT049,inf
FDH52,OUT010,inf
FDO09,OUT017,inf
FDU43,OUT045,inf
FDX09,OUT010,inf
FDH40,OUT019,inf
FDW58,OUT017,inf
FDC47,OUT017,inf
NCR41,OUT035,inf
DRG49,OUT035,inf
FDC52,OUT027,inf
FDY13,OUT046,inf
FDY35,OUT013,inf
FDI35,OUT017,inf
NCU18,OUT049,inf
FDY33,OUT018,inf
FDC15,OUT027,inf
FDU01,OUT049,inf
NCU42,OUT046,inf
NCV29,OUT018,inf
NCY30,OUT017,inf
FDQ46,OUT049,inf
FDG58,OUT027,inf
FDK33,OUT017,inf
NCD07,OUT045,inf
NCX29,OUT027,inf
NCT42,OUT013,inf
DRN59,OUT035,inf
FDI44,OUT035,inf
FDA45,OUT049,inf
FDP31,OUT045,inf
FDY01,OUT046,inf
FDT09,OUT018,inf
DRH03,OUT027,inf
FDA36,OUT018,inf
NCF31,OUT017,inf
FDG14,OUT049,inf
FDG28,OUT027,inf
FDU14,OUT049,inf
FDY47,OUT019,inf
FDI56,OUT049,inf
DRD01,OUT013,inf
FDM22,OUT046,inf
FDH33,OUT013,inf
DRZ24,OUT013,inf
NCQ38,OUT046,inf
FDO16,OUT027,inf
FDU07,OUT027,inf
NCB07,OUT013,inf
FDU48,OUT045,inf
NCM43,OUT045,inf
FDR31,OUT010,inf
DRK49,OUT018,inf
NCI30,OUT010,inf
DRD60,OUT017,inf
NCG19,OUT046,inf
FDH12,OUT035,inf
FDM32,OUT035,inf
FDM27,OUT035,inf
NCU53,OUT027,inf
NCQ18,OUT046,inf
FDS10,OUT013,inf
FDB33,OUT027,inf
FDI12,OUT013,inf
NCW42,OUT013,inf
NCC06,OUT018,inf
FDW02,OUT017,inf
NCD43,OUT017,inf
FDM57,OUT018,inf
FDA58,OUT017,inf
FDK56,OUT046,inf
FDP52,OUT045,inf
FDW20,OUT018,inf
FDS52,OUT049,inf
NCT29,OUT018,inf
NCL54,OUT013,inf
FDC05,OUT045,inf
FDF34,OUT035,inf
FDP03,OUT027,inf
FDD32,OUT010,inf
FDZ10,OUT045,inf
FDZ40,OUT035,inf
FDD51,OUT018,inf
NCY30,OUT019,inf
FDP58,OUT017,inf
FDV49,OUT017,inf
FDY24,OUT019,inf
NCO55,OUT017,inf
FDR13,OUT017,inf
FDS51,OUT017,inf
FDP26,OUT045,inf
NCB54,OUT027,inf
FDF32,OUT017,inf
FDN31,OUT018,inf
DRM48,OUT017,inf
FDN20,OUT049,inf
DRL01,OUT046,inf
FDV56,OUT049,inf
DRH13,OUT027,inf
FDA03,OUT017,inf
FDF47,OUT027,inf
FDX32,OUT046,inf
FDX57,OUT049,inf
NCA30,OUT045,inf
FDO49,OUT013,inf
FDL04,OUT019,inf
DRM48,OUT035,inf
FDR16,OUT013,inf
NCC19,OUT018,inf
NCE42,OUT045,inf
FDY24,OUT017,inf
FDH19,OUT049,inf
FDJ46,OUT013,inf
FDN45,OUT010,inf
FDY08,OUT035,inf
FDZ37,OUT035,inf
NCT30,OUT045,inf
DRY23,OUT018,inf
NCZ30,OUT018,inf
FDC44,OUT018,inf
FDB45,OUT035,inf
FDY04,OUT013,inf
FDM27,OUT046,inf
FDZ43,OUT017,inf
FDT39,OUT019,inf
NCC06,OUT019,inf
FDL15,OUT027,inf
FDL57,OUT017,inf
FDU08,OUT046,inf
FDK40,OUT017,inf
FDQ12,OUT010,inf
FDS48,OUT017,inf
FDP09,OUT045,inf
FDW21,OUT049,inf
FDY25,OUT035,inf
DRE13,OUT017,inf
FDV43,OUT019,inf
FDD22,OUT045,inf
FDM46,OUT019,inf
NCO30,OUT010,inf
FDM25,OUT046,inf
NCN41,OUT049,inf
FDU24,OUT045,inf
FDZ50,OUT046,inf
FDP45,OUT013,inf
NCM54,OUT045,inf
FDW10,OUT019,inf
FDP20,OUT017,inf
FDK32,OUT046,inf
FDN52,OUT049,inf
FDM58,OUT045,inf
FDZ46,OUT027,inf
NCA18,OUT018,inf
FDD35,OUT046,inf
NCK31,OUT035,inf
FDI40,OUT027,inf
FDT50,OUT019,inf
NCT06,OUT046,inf
FDT31,OUT035,inf
FDT45,OUT049,inf
FDT13,OUT045,inf
FDO50,OUT045,inf
NCU18,OUT010,inf
NCR54,OUT049,inf
NCO18,OUT018,inf
FDU09,OUT045,inf
FDT13,OUT018,inf
FDE09,OUT046,inf
NCK53,OUT019,inf
FDG45,OUT049,inf
DRH15,OUT035,inf
FDO21,OUT019,inf
FDD14,OUT027,inf
FDC09,OUT046,inf
FDH45,OUT027,inf
FDV32,OUT046,inf
FDG12,OUT035,inf
FDS32,OUT013,inf
NCL55,OUT018,inf
DRE01,OUT035,inf
DRE15,OUT049,inf
NCL42,OUT045,inf
FDP31,OUT013,inf
FDN33,OUT018,inf
FDZ59,OUT046,inf
FDE45,OUT010,inf
FDJ07,OUT013,inf
FDQ45,OUT018,inf
FDM33,OUT027,inf
FDO15,OUT010,inf
FDM46,OUT013,inf
FDR03,OUT045,inf
FDY49,OUT018,inf
FDQ60,OUT045,inf
FDW10,OUT049,inf
FDO51,OUT049,inf
FDJ40,OUT018,inf
FDS20,OUT018,inf
FDU45,OUT013,inf
FDV02,OUT035,inf
FDN09,OUT046,inf
NCM55,OUT027,inf
FDN23,OUT018,inf
FDY31,OUT010,inf
FDW03,OUT010,inf
FDD14,OUT046,inf
FDV23,OUT017,inf
DRI03,OUT045,inf
FDN13,OUT035,inf
FDF45,OUT027,inf
FDU46,OUT035,inf
FDB57,OUT049,inf
FDV12,OUT049,inf
FDQ58,OUT013,inf
NCA18,OUT017,inf
FDH52,OUT049,inf
FDM24,OUT018,inf
NCP43,OUT027,inf
NCO18,OUT019,inf
FDM32,OUT017,inf
NCL07,OUT017,inf
FDK03,OUT013,inf
FDP59,OUT017,inf
FDQ24,OUT049,inf
FDQ16,OUT018,inf
FDU44,OUT013,inf
FDH28,OUT010,inf
FDV28,OUT019,inf
FDM22,OUT045,inf
FDR56,OUT046,inf
FDV39,OUT049,inf
FDU37,OUT019,inf
FDQ11,OUT010,inf
FDX02,OUT045,inf
NCS42,OUT018,inf
FDY57,OUT027,inf
FDB21,OUT049,inf
FDE28,OUT017,inf
FDQ55,OUT017,inf
FDA48,OUT049,inf
FDZ19,OUT045,inf
NCC43,OUT045,inf
NCV18,OUT046,inf
NCA42,OUT018,inf
FDY45,OUT046,inf
NCC30,OUT045,inf
FDM57,OUT013,inf
FDL09,OUT010,inf
FDB09,OUT027,inf
FDT44,OUT035,inf
NCT06,OUT027,inf
FDX26,OUT049,inf
FDK32,OUT013,inf
DRA12,OUT046,inf
FDO46,OUT010,inf
FDE52,OUT013,inf
NCH42,OUT045,inf
FDV08,OUT035,inf
FDB47,OUT018,inf
FDC28,OUT010,inf
FDD22,OUT046,inf
FDS07,OUT027,inf
DRI13,OUT045,inf
FDG32,OUT018,inf
FDU14,OUT017,inf
FDD28,OUT019,inf
NCP41,OUT017,inf
FDS08,OUT049,inf
FDX47,OUT045,inf
FDC53,OUT019,inf
FDQ19,OUT035,inf
FDL14,OUT045,inf
FDM33,OUT019,inf
FDA51,OUT045,inf
FDZ27,OUT018,inf
FDT04,OUT046,inf
DRC13,OUT049,inf
FDR16,OUT027,inf
FDQ03,OUT027,inf
FDE38,OUT035,inf
DRH23,OUT027,inf
FDT11,OUT019,inf
FDD09,OUT035,inf
FDR40,OUT045,inf
FDX07,OUT017,inf
FDR07,OUT035,inf
FDA51,OUT017,inf
FDT59,OUT019,inf
FDF20,OUT017,inf
FDR13,OUT045,inf
FDY26,OUT049,inf
FDW04,OUT017,inf
FDK52,OUT017,inf
FDN60,OUT049,inf
FDM09,OUT019,inf
FDP46,OUT049,inf
FDB50,OUT019,inf
NCQ29,OUT049,inf
FDP16,OUT027,inf
FDX33,OUT018,inf
FDP07,OUT010,inf
FDN22,OUT046,inf
FDF39,OUT049,inf
FDS21,OUT017,inf
NCM42,OUT013,inf
FDK50,OUT019,inf
DRF13,OUT027,inf
FDH35,OUT018,inf
FDP60,OUT018,inf
DRJ49,OUT027,inf
NCT42,OUT019,inf
FDE38,OUT049,inf
FDI04,OUT049,inf
NCH54,OUT045,inf
FDT56,OUT049,inf
DRD15,OUT018,inf
FDV58,OUT013,inf
FDP21,OUT049,inf
FDH05,OUT013,inf
FDR10,OUT027,inf
NCP06,OUT045,inf
FDF33,OUT049,inf
DRK37,OUT013,inf
DRH49,OUT045,inf
FDT58,OUT013,inf
FDD41,OUT018,inf
FDP40,OUT018,inf
FDM51,OUT027,inf
FDO45,OUT010,inf
FDW33,OUT010,inf
FDY24,OUT045,inf
FDB10,OUT010,inf
FDM40,OUT035,inf
NCI06,OUT017,inf
FDW12,OUT019,inf
FDX48,OUT027,inf
NCW05,OUT027,inf
FDX27,OUT017,inf
DRM37,OUT045,inf
FDA38,OUT045,inf
FDR36,OUT046,inf
FDZ45,OUT046,inf
FDG05,OUT017,inf
FDK28,OUT013,inf
FDV47,OUT045,inf
FDN21,OUT045,inf
FDP20,OUT027,inf
FDI35,OUT045,inf
DRY23,OUT013,inf
FDA56,OUT017,inf
FDB09,OUT013,inf
NCO26,OUT027,inf
FDQ49,OUT018,inf
FDI52,OUT027,inf
FDZ44,OUT027,inf
FDZ09,OUT018,inf
FDY03,OUT049,inf
NCG42,OUT017,inf
DRI13,OUT027,inf
FDQ32,OUT013,inf
FDW16,OUT035,inf
FDU27,OUT046,inf
FDR28,OUT010,inf
FDQ49,OUT010,inf
FDS37,OUT046,inf
FDW26,OUT018,inf
FDX12,OUT018,inf
NCP06,OUT013,inf
FDW45,OUT010,inf
NCN30,OUT049,inf
FDN24,OUT049,inf
NCL41,OUT027,inf
FDR02,OUT019,inf
FDD09,OUT010,inf
FDS33,OUT010,inf
FDU22,OUT045,inf
FDI53,OUT013,inf
DRH01,OUT049,inf
FDX32,OUT013,inf
NCP30,OUT018,inf
FDB60,OUT045,inf
FDB14,OUT049,inf
NCP02,OUT035,inf
FDJ10,OUT017,inf
FDG34,OUT046,inf
NCB18,OUT017,inf
FDM16,OUT049,inf
FDW25,OUT018,inf
FDB35,OUT010,inf
DRN11,OUT013,inf
FDF41,OUT019,inf
FDH16,OUT045,inf
NCQ50,OUT018,inf
DRH23,OUT018,inf
DRJ37,OUT013,inf
DRJ24,OUT027,inf
FDY16,OUT035,inf
FDQ27,OUT045,inf
FDZ33,OUT045,inf
FDF29,OUT045,inf
FDA08,OUT049,inf
FDG31,OUT046,inf
FDE34,OUT019,inf
NCR30,OUT027,inf
FDV33,OUT035,inf
DRZ24,OUT018,inf
NCL54,OUT035,inf
FDR12,OUT049,inf
NCC54,OUT046,inf
DRN59,OUT013,inf
FDX50,OUT019,inf
FDV31,OUT027,inf
NCA29,OUT027,inf
FDW60,OUT049,inf
FDX08,OUT017,inf
DRD49,OUT013,inf
FDD33,OUT046,inf
FDW35,OUT013,inf
FDJ36,OUT017,inf
FDV51,OUT035,inf
FDW36,OUT046,inf
FDH35,OUT046,inf
NCS30,OUT027,inf
FDN49,OUT017,inf
FDL08,OUT018,inf
FDI09,OUT013,inf
FDP19,OUT018,inf
FDU21,OUT010,inf
NCP41,OUT045,inf
FDY10,OUT013,inf
FDP12,OUT018,inf
NCN26,OUT049,inf
FDK44,OUT013,inf
FDC28,OUT049,inf
FDJ41,OUT027,inf
NCT29,OUT035,inf
NCH42,OUT019,inf
FDU60,OUT018,inf
FDS02,OUT045,inf
FDC51,OUT046,inf
FDU03,OUT013,inf
FDX39,OUT045,inf
NCY05,OUT010,inf
NCL06,OUT027,inf
FDD32,OUT035,inf
NCN41,OUT045,inf
NCX53,OUT049,inf
FDU57,OUT019,inf
FDQ23,OUT046,inf
FDQ52,OUT045,inf
FDC14,OUT045,inf
FDY09,OUT035,inf
FDQ28,OUT045,inf
FDV25,OUT046,inf
FDJ07,OUT035,inf
DRB25,OUT049,inf
FDK52,OUT019,inf
FDY52,OUT027,inf
FDB28,OUT046,inf
FDT36,OUT035,inf
FDV25,OUT017,inf
NCN07,OUT027,inf
FDC57,OUT017,inf
FDQ03,OUT018,inf
FDU23,OUT017,inf
NCX41,OUT035,inf
NCD06,OUT035,inf
FDW08,OUT045,inf
NCU29,OUT017,inf
NCE06,OUT013,inf
FDV52,OUT010,inf
FDB02,OUT017,inf
NCR18,OUT045,inf
FDK16,OUT049,inf
NCQ29,OUT010,inf
FDZ01,OUT019,inf
FDW27,OUT035,inf
FDD17,OUT018,inf
FDW39,OUT013,inf
DRH59,OUT045,inf
FDS52,OUT013,inf
FDU40,OUT027,inf
NCF54,OUT013,inf
FDH46,OUT045,inf
NCP14,OUT049,inf
FDH50,OUT049,inf
DRF15,OUT010,inf
FDV27,OUT027,inf
NCJ06,OUT049,inf
FDN02,OUT018,inf
FDQ51,OUT049,inf
FDQ07,OUT017,inf
FDS45,OUT049,inf
NCJ06,OUT045,inf
FDD36,OUT035,inf
FDY25,OUT045,inf
FDU52,OUT046,inf
DRK47,OUT017,inf
NCL30,OUT017,inf
FDN22,OUT035,inf
NCF30,OUT027,inf
FDK03,OUT035,inf
FDT45,OUT017,inf
NCC54,OUT027,inf
FDP08,OUT018,inf
FDU44,OUT046,inf
DRG39,OUT035,inf
FDU32,OUT049,inf
FDY27,OUT049,inf
NCP54,OUT013,inf
NCZ41,OUT049,inf
DRL49,OUT013,inf
FDI05,OUT018,inf
FDY56,OUT045,inf
DRC13,OUT013,inf
NCV29,OUT017,inf
FDR24,OUT049,inf
FDZ34,OUT018,inf
FDP37,OUT035,inf
FDX08,OUT027,inf
FDS57,OUT045,inf
NCG18,OUT049,inf
FDK25,OUT018,inf
FDH53,OUT049,inf
DRI59,OUT018,inf
FDA52,OUT046,inf
FDT20,OUT010,inf
FDE36,OUT019,inf
FDI24,OUT017,inf
FDB28,OUT018,inf
FDV11,OUT017,inf
FDP01,OUT046,inf
FDD34,OUT027,inf
FDJ50,OUT027,inf
FDZ44,OUT013,inf
DRO59,OUT035,inf
DRB48,OUT045,inf
FDR21,OUT018,inf
NCE42,OUT010,inf
FDO23,OUT046,inf
NCE30,OUT018,inf
FDQ22,OUT035,inf
FDY01,OUT045,inf
FDS08,OUT017,inf
FDG28,OUT018,inf
FDQ51,OUT018,inf
FDB05,OUT017,inf
FDO56,OUT049,inf
FDE02,OUT018,inf
FDN45,OUT017,inf
FDS09,OUT013,inf
NCA54,OUT018,inf
FDP09,OUT010,inf
FDC53,OUT045,inf
NCM55,OUT017,inf
FDL09,OUT018,inf
FDA11,OUT019,inf
FDA50,OUT045,inf
FDC23,OUT017,inf
FDE22,OUT049,inf
FDD23,OUT046,inf
NCA29,OUT049,inf
FDK38,OUT046,inf
DRC13,OUT046,inf
NCP43,OUT049,inf
FDX28,OUT049,inf
FDF08,OUT049,inf
FDZ33,OUT046,inf
FDD10,OUT049,inf
FDO58,OUT017,inf
FDI50,OUT017,inf
FDO58,OUT045,inf
FDX08,OUT013,inf
NCK17,OUT010,inf
FDF39,OUT035,inf
FDU45,OUT010,inf
NCJ18,OUT018,inf
DRC27,OUT019,inf
DRC25,OUT035,inf
FDU59,OUT035,inf
FDU28,OUT035,inf
NCP30,OUT046,inf
FDB39,OUT018,inf
FDE41,OUT013,inf
DRH11,OUT010,inf
FDA58,OUT045,inf
FDU50,OUT046,inf
FDM34,OUT013,inf
FDM44,OUT027,inf
FDR39,OUT045,inf
FDM25,OUT045,inf
FDQ49,OUT049,inf
DRH25,OUT018,inf
FDM09,OUT027,inf
FDL44,OUT019,inf
NCR42,OUT018,inf
DRL59,OUT046,inf
FDX43,OUT013,inf
DRK47,OUT010,inf
FDU48,OUT018,inf
FDY12,OUT045,inf
NCN43,OUT018,inf
NCM55,OUT018,inf
FDQ21,OUT027,inf
FDX13,OUT035,inf
NCK30,OUT027,inf
FDG20,OUT049,inf
DRG27,OUT017,inf
FDY14,OUT018,inf
FDP59,OUT035,inf
FDU60,OUT017,inf
NCC18,OUT019,inf
DRJ39,OUT017,inf
FDS07,OUT049,inf
FDM08,OUT027,inf
FDP51,OUT045,inf
FDU16,OUT035,inf
FDH12,OUT013,inf
DRE48,OUT010,inf
NCL42,OUT027,inf
FDR21,OUT045,inf
NCW29,OUT035,inf
FDO11,OUT013,inf
NCM31,OUT049,inf
FDV35,OUT019,inf
FDF58,OUT017,inf
NCE43,OUT049,inf
FDA02,OUT035,inf
DRL37,OUT010,inf
FDR24,OUT018,inf
FDW59,OUT049,inf
FDS22,OUT049,inf
FDW24,OUT017,inf
FDU24,OUT035,inf
FDA21,OUT027,inf
FDH58,OUT027,inf
FDW36,OUT018,inf
FDI45,OUT027,inf
FDU01,OUT018,inf
FDF35,OUT027,inf
FDU43,OUT019,inf
FDE24,OUT019,inf
FDK50,OUT049,inf
FDG31,OUT045,inf
FDC60,OUT045,inf
FDL36,OUT013,inf
FDP21,OUT013,inf
FDW16,OUT045,inf
FDX02,OUT017,inf
FDQ58,OUT027,inf
FDT51,OUT046,inf
FDD59,OUT049,inf
NCM42,OUT018,inf
FDA57,OUT018,inf
FDZ48,OUT035,inf
FDE46,OUT045,inf
NCZ30,OUT019,inf
FDB56,OUT017,inf
FDA25,OUT027,inf
FDD20,OUT013,inf
FDL25,OUT013,inf
NCO18,OUT049,inf
FDJ45,OUT017,inf
FDR12,OUT035,inf
NCF19,OUT010,inf
FDK25,OUT046,inf
NCR17,OUT046,inf
FDC52,OUT046,inf
NCA54,OUT017,inf
FDR45,OUT010,inf
NCM19,OUT049,inf
FDF39,OUT027,inf
FDX23,OUT049,inf
FDD58,OUT027,inf
FDX28,OUT013,inf
NCD31,OUT013,inf
FDU57,OUT018,inf
FDI27,OUT046,inf
NCM42,OUT046,inf
FDD32,OUT027,inf
FDI34,OUT013,inf
NCM29,OUT049,inf
FDG46,OUT018,inf
DRC01,OUT010,inf
FDB15,OUT027,inf
NCA17,OUT027,inf
FDF10,OUT046,inf
FDR26,OUT027,inf
FDI02,OUT049,inf
NCM54,OUT010,inf
FDF14,OUT013,inf
FDJ33,OUT010,inf
FDM20,OUT035,inf
FDC03,OUT027,inf
NCX05,OUT046,inf
NCM41,OUT027,inf
NCU29,OUT010,inf
FDQ59,OUT017,inf
FDH46,OUT010,inf
FDH09,OUT013,inf
NCD06,OUT045,inf
FDC15,OUT035,inf
DRD37,OUT027,inf
FDT28,OUT027,inf
FDR28,OUT027,inf
FDT38,OUT017,inf
FDV34,OUT027,inf
FDY52,OUT035,inf
FDB34,OUT013,inf
DRL23,OUT018,inf
DRB24,OUT046,inf
FDJ50,OUT046,inf
FDQ49,OUT035,inf
FDP20,OUT035,inf
FDV19,OUT027,inf
NCR54,OUT045,inf
FDO09,OUT010,inf
FDS57,OUT018,inf
FDN10,OUT049,inf
FDV23,OUT049,inf
FDY28,OUT049,inf
DRG51,OUT013,inf
FDD45,OUT019,inf
NCL18,OUT027,inf
NCM29,OUT013,inf
FDF17,OUT027,inf
FDE22,OUT017,inf
FDQ22,OUT017,inf
FDS01,OUT013,inf
FDW35,OUT027,inf
FDJ33,OUT046,inf
NCF54,OUT035,inf
FDE09,OUT013,inf
NCE06,OUT045,inf
DRH49,OUT049,inf
FDY43,OUT045,inf
NCT05,OUT017,inf
FDZ34,OUT045,inf
FDL38,OUT017,inf
FDZ31,OUT017,inf
FDR14,OUT035,inf
NCN54,OUT049,inf
NCC42,OUT027,inf
FDK08,OUT017,inf
FDP59,OUT013,inf
FDV22,OUT035,inf
FDD33,OUT035,inf
DRE60,OUT027,inf
FDK52,OUT046,inf
FDA02,OUT017,inf
FDM56,OUT049,inf
FDE57,OUT035,inf
FDM32,OUT045,inf
NCQ30,OUT027,inf
FDQ27,OUT027,inf
FDT60,OUT027,inf
FDU43,OUT049,inf
NCO55,OUT035,inf
FDG02,OUT045,inf
FDJ28,OUT013,inf
FDP40,OUT045,inf
FDJ38,OUT045,inf
NCC54,OUT017,inf
NCZ41,OUT046,inf
FDK38,OUT019,inf
FDU52,OUT013,inf
FDC40,OUT046,inf
NCR30,OUT017,inf
NCN18,OUT017,inf
FDB50,OUT035,inf
FDG04,OUT013,inf
FDR26,OUT035,inf
NCT17,OUT018,inf
FDX35,OUT027,inf
FDS12,OUT046,inf
NCZ29,OUT027,inf
FDB38,OUT010,inf
FDP12,OUT013,inf
FDP22,OUT046,inf
FDS26,OUT018,inf
FDR52,OUT046,inf
DRJ13,OUT046,inf
FDU48,OUT027,inf
FDE29,OUT035,inf
NCT29,OUT049,inf
DRK37,OUT018,inf
FDK55,OUT046,inf
FDR07,OUT046,inf
FDO21,OUT027,inf
FDK46,OUT049,inf
FDB12,OUT045,inf
FDT31,OUT027,inf
FDJ33,OUT045,inf
FDC26,OUT027,inf
NCQ02,OUT045,inf
FDP08,OUT010,inf
FDB11,OUT027,inf
FDV55,OUT013,inf
FDW20,OUT049,inf
NCJ18,OUT019,inf
FDC41,OUT018,inf
FDE14,OUT027,inf
FDG35,OUT013,inf
FDF45,OUT035,inf
FDS19,OUT027,inf
FDS58,OUT019,inf
FDA26,OUT017,inf
FDM32,OUT049,inf
FDL45,OUT046,inf
FDZ55,OUT049,inf
FDY37,OUT049,inf
FDO46,OUT046,inf
FDQ60,OUT046,inf
FDA19,OUT018,inf
FDL15,OUT046,inf
FDM10,OUT018,inf
NCL05,OUT017,inf
DRK49,OUT010,inf
NCE18,OUT027,inf
FDG40,OUT049,inf
DRI59,OUT045,inf
FDK28,OUT035,inf
NCD06,OUT019,inf
FDO11,OUT019,inf
FDK27,OUT046,inf
FDT43,OUT027,inf
FDD38,OUT018,inf
FDA16,OUT049,inf
FDL14,OUT027,inf
NCM17,OUT049,inf
FDD20,OUT045,inf
FDA40,OUT045,inf
FDL43,OUT045,inf
FDV15,OUT045,inf
FDE52,OUT046,inf
NCL17,OUT010,inf
NCJ31,OUT045,inf
FDR60,OUT045,inf
NCA18,OUT035,inf
FDS21,OUT027,inf
FDW09,OUT035,inf
FDL26,OUT035,inf
FDS47,OUT018,inf
FDC39,OUT046,inf
FDT51,OUT035,inf
FDK40,OUT035,inf
NCG19,OUT045,inf
FDZ07,OUT046,inf
FDF08,OUT027,inf
FDO04,OUT013,inf
FDK41,OUT018,inf
FDP15,OUT049,inf
NCD43,OUT018,inf
NCP18,OUT013,inf
FDZ51,OUT046,inf
DRH13,OUT035,inf
FDF38,OUT045,inf
NCI43,OUT045,inf
FDM38,OUT027,inf
FDS03,OUT013,inf
DRJ47,OUT017,inf
FDT50,OUT010,inf
FDV02,OUT046,inf
NCG18,OUT017,inf
FDW52,OUT046,inf
FDS40,OUT035,inf
FDN31,OUT017,inf
FDA37,OUT045,inf
FDA15,OUT046,inf
FDL39,OUT046,inf
FDJ53,OUT045,inf
FDX22,OUT013,inf
NCZ42,OUT045,inf
FDD56,OUT027,inf
FDD40,OUT017,inf
FDS50,OUT013,inf
NCN14,OUT013,inf
FDT15,OUT013,inf
NCS18,OUT027,inf
NCO26,OUT010,inf
FDF58,OUT018,inf
NCB19,OUT013,inf
FDH26,OUT017,inf
DRB24,OUT027,inf
FDA49,OUT018,inf
FDB32,OUT045,inf
FDI36,OUT017,inf
NCA17,OUT010,inf
FDH22,OUT013,inf
NCM26,OUT018,inf
FDT15,OUT027,inf
FDB16,OUT018,inf
NCP54,OUT027,inf
FDJ36,OUT013,inf
FDO28,OUT045,inf
FDU09,OUT013,inf
FDF29,OUT017,inf
FDY08,OUT013,inf
DRJ59,OUT018,inf
FDT23,OUT027,inf
FDU15,OUT018,inf
FDT47,OUT013,inf
FDI53,OUT019,inf
FDR59,OUT018,inf
FDD53,OUT035,inf
FDY51,OUT017,inf
FDT04,OUT049,inf
FDU51,OUT049,inf
FDG14,OUT035,inf
NCU06,OUT045,inf
DRG25,OUT046,inf
DRH49,OUT035,inf
FDN15,OUT035,inf
FDL43,OUT018,inf
NCT18,OUT049,inf
NCB31,OUT013,inf
FDK57,OUT035,inf
FDY04,OUT019,inf
NCP54,OUT046,inf
FDF41,OUT013,inf
FDM01,OUT045,inf
FDW03,OUT045,inf
FDF28,OUT045,inf
FDY37,OUT017,inf
FDQ03,OUT017,inf
FDP51,OUT027,inf
FDJ40,OUT017,inf
FDC32,OUT049,inf
DRI49,OUT027,inf
NCW54,OUT017,inf
FDF09,OUT017,inf
FDP45,OUT018,inf
DRJ23,OUT018,inf
FDS59,OUT017,inf
FDY08,OUT046,inf
FDX16,OUT049,inf
FDY16,OUT018,inf
FDK32,OUT035,inf
FDQ22,OUT013,inf
NCC31,OUT018,inf
FDG58,OUT049,inf
DRF48,OUT013,inf
DRH36,OUT049,inf
NCR30,OUT035,inf
FDB03,OUT019,inf
FDZ28,OUT027,inf
FDR35,OUT017,inf
DRD15,OUT027,inf
FDJ33,OUT019,inf
FDA56,OUT010,inf
FDP56,OUT046,inf
NCT30,OUT046,inf
FDK15,OUT017,inf
FDH44,OUT018,inf
FDV01,OUT013,inf
DRG03,OUT017,inf
FDG50,OUT027,inf
FDR16,OUT010,inf
FDZ60,OUT046,inf
DRG03,OUT045,inf
FDS56,OUT018,inf
FDU33,OUT045,inf
DRD27,OUT035,inf
FDW22,OUT046,inf
DRA24,OUT045,inf
FDF38,OUT049,inf
FDX48,OUT013,inf
FDS58,OUT018,inf
FDC32,OUT046,inf
NCQ29,OUT045,inf
DRK39,OUT018,inf
NCS38,OUT017,inf
DRO47,OUT013,inf
DRG27,OUT027,inf
FDC57,OUT027,inf
FDS55,OUT046,inf
NCJ06,OUT018,inf
FDO01,OUT019,inf
NCM55,OUT045,inf
FDC52,OUT049,inf
FDQ15,OUT045,inf
NCT30,OUT027,inf
NCR42,OUT027,inf
FDD28,OUT035,inf
FDQ34,OUT049,inf
FDZ12,OUT027,inf
DRE13,OUT019,inf
NCN07,OUT019,inf
FDM28,OUT035,inf
FDI10,OUT017,inf
FDQ25,OUT013,inf
FDA38,OUT010,inf
DRI13,OUT049,inf
FDY20,OUT027,inf
NCZ53,OUT035,inf
NCM31,OUT013,inf
DRB01,OUT017,inf
DRF37,OUT046,inf
NCF42,OUT049,inf
FDF16,OUT018,inf
FDB41,OUT013,inf
FDR34,OUT013,inf
FDR15,OUT018,inf
NCV42,OUT019,inf
FDW51,OUT035,inf
FDU36,OUT017,inf
FDX60,OUT049,inf
FDY03,OUT035,inf
FDW55,OUT045,inf
FDT01,OUT010,inf
FDG58,OUT013,inf
FDK21,OUT017,inf
NCS41,OUT019,inf
FDS10,OUT045,inf
NCT53,OUT046,inf
FDJ28,OUT018,inf
FDX44,OUT045,inf
FDT20,OUT018,inf
FDO44,OUT017,inf
NCX17,OUT049,inf
FDY01,OUT017,inf
FDJ12,OUT027,inf
DRK35,OUT018,inf
FDD47,OUT019,inf
NCM53,OUT035,inf
FDO45,OUT013,inf
NCM42,OUT010,inf
FDE04,OUT046,inf
NCI30,OUT027,inf
FDZ19,OUT013,inf
FDW57,OUT013,inf
FDA25,OUT013,inf
FDT22,OUT046,inf
FDP51,OUT013,inf
FDD48,OUT027,inf
FDY39,OUT035,inf
FDO48,OUT010,inf
FDD23,OUT027,inf
DRN35,OUT027,inf
FDT01,OUT035,inf
FDC20,OUT010,inf
DRJ35,OUT035,inf
FDB32,OUT046,inf
FDL24,OUT046,inf
NCV42,OUT035,inf
FDZ46,OUT046,inf
FDC15,OUT013,inf
FDD08,OUT019,inf
FDY50,OUT049,inf
FDD36,OUT013,inf
FDG57,OUT027,inf
FDL21,OUT018,inf
FDN16,OUT027,inf
FDJ09,OUT027,inf
FDS01,OUT010,inf
FDV33,OUT017,inf
DRE12,OUT017,inf
FDR07,OUT013,inf
FDP48,OUT010,inf
NCB55,OUT035,inf
FDQ08,OUT013,inf
FDR34,OUT035,inf
FDO33,OUT046,inf
FDP13,OUT045,inf
FDX12,OUT049,inf
NCT06,OUT049,inf
FDR16,OUT019,inf
FDE36,OUT046,inf
FDZ36,OUT049,inf
FDV13,OUT045,inf
NCZ17,OUT035,inf
FDU56,OUT045,inf
FDM09,OUT035,inf
FDV02,OUT017,inf
FDS34,OUT018,inf
FDA11,OUT049,inf
FDP09,OUT017,inf
FDB29,OUT027,inf
FDT19,OUT017,inf
DRH15,OUT017,inf
FDY38,OUT046,inf
FDF14,OUT027,inf
FDN48,OUT010,inf
FDQ12,OUT013,inf
NCJ43,OUT045,inf
FDE17,OUT019,inf
FDB05,OUT035,inf
FDH10,OUT045,inf
NCR06,OUT017,inf
FDU32,OUT018,inf
FDD56,OUT049,inf
FDO36,OUT018,inf
FDH16,OUT010,inf
FDX10,OUT018,inf
FDZ37,OUT017,inf
FDU31,OUT010,inf
DRC49,OUT049,inf
FDL15,OUT045,inf
FDN32,OUT019,inf
DRH59,OUT027,inf
NCU29,OUT049,inf
FDR37,OUT019,inf
FDS14,OUT018,inf
FDU02,OUT027,inf
FDJ08,OUT035,inf
NCZ06,OUT045,inf
FDO31,OUT049,inf
FDH31,OUT018,inf
FDS58,OUT017,inf
NCA53,OUT027,inf
FDF50,OUT046,inf
NCW42,OUT049,inf
NCQ17,OUT045,inf
FDK51,OUT018,inf
NCW41,OUT010,inf
NCR29,OUT017,inf
FDB08,OUT019,inf
FDA40,OUT027,inf
FDL14,OUT018,inf
FDB47,OUT046,inf
FDO03,OUT035,inf
DRK13,OUT019,inf
FDX13,OUT010,inf
FDF52,OUT046,inf
FDT11,OUT013,inf
FDB08,OUT013,inf
FDQ28,OUT018,inf
FDD29,OUT045,inf
NCQ29,OUT027,inf
NCO02,OUT013,inf
FDR56,OUT010,inf
NCM54,OUT049,inf
FDP51,OUT035,inf
FDT38,OUT013,inf
FDZ20,OUT018,inf
FDJ53,OUT013,inf
FDX13,OUT049,inf
FDP58,OUT035,inf
NCK31,OUT019,inf
FDA35,OUT018,inf
FDV37,OUT018,inf
NCO07,OUT027,inf
FDA20,OUT045,inf
FDZ59,OUT035,inf
NCY17,OUT017,inf
FDQ28,OUT035,inf
FDV35,OUT017,inf
FDQ36,OUT013,inf
FDD34,OUT018,inf
FDK51,OUT045,inf
FDV31,OUT035,inf
FDR04,OUT035,inf
FDR14,OUT049,inf
DRC36,OUT010,inf
FDE39,OUT019,inf
FDP57,OUT049,inf
FDE57,OUT046,inf
NCN18,OUT046,inf
NCQ05,OUT018,inf
FDW47,OUT035,inf
FDV46,OUT035,inf
NCP29,OUT045,inf
FDE09,OUT018,inf
NCU06,OUT027,inf
FDT19,OUT010,inf
DRF15,OUT017,inf
DRI51,OUT013,inf
NCX54,OUT013,inf
DRE01,OUT013,inf
NCB07,OUT045,inf
FDU50,OUT035,inf
FDG40,OUT035,inf
FDW10,OUT018,inf
FDX51,OUT013,inf
NCP17,OUT045,inf
FDP21,OUT035,inf
FDL04,OUT045,inf
FDV23,OUT013,inf
FDF24,OUT046,inf
FDH56,OUT027,inf
FDB51,OUT049,inf
FDI58,OUT027,inf
FDR20,OUT013,inf
FDC51,OUT018,inf
FDB16,OUT027,inf
FDE40,OUT049,inf
NCM17,OUT035,inf
FDU56,OUT035,inf
FDS32,OUT019,inf
FDX02,OUT049,inf
FDT39,OUT027,inf
FDE35,OUT017,inf
NCI42,OUT019,inf
DRL23,OUT046,inf
FDA10,OUT046,inf
FDA11,OUT013,inf
NCM06,OUT046,inf
NCT05,OUT035,inf
NCQ02,OUT010,inf
NCY06,OUT049,inf
FDY56,OUT035,inf
FDL02,OUT035,inf
NCI06,OUT035,inf
FDQ14,OUT045,inf
FDQ12,OUT017,inf
FDP36,OUT046,inf
FDK21,OUT027,inf
FDO40,OUT045,inf
NCK54,OUT019,inf
FDY09,OUT018,inf
NCW30,OUT049,inf
NCC55,OUT027,inf
FDE58,OUT018,inf
FDR39,OUT013,inf
FDU28,OUT049,inf
FDH08,OUT017,inf
FDG35,OUT045,inf
FDG22,OUT049,inf
FDC34,OUT035,inf
FDP15,OUT018,inf
FDK34,OUT010,inf
FDU45,OUT035,inf
FDQ04,OUT027,inf
FDX22,OUT018,inf
FDB45,OUT017,inf
NCH43,OUT027,inf
DRE60,OUT046,inf
FDD17,OUT027,inf
NCM54,OUT017,inf
NCH55,OUT013,inf
NCT06,OUT017,inf
FDA48,OUT027,inf
FDY58,OUT027,inf
FDO25,OUT045,inf
FDN50,OUT045,inf
FDH35,OUT035,inf
FDK09,OUT045,inf
FDO16,OUT013,inf
FDW11,OUT045,inf
FDU47,OUT027,inf
NCQ42,OUT010,inf
FDK55,OUT027,inf
FDN08,OUT049,inf
FDT57,OUT045,inf
FDJ12,OUT018,inf
DRL59,OUT017,inf
NCN53,OUT046,inf
FDO51,OUT010,inf
FDK56,OUT017,inf
FDY12,OUT035,inf
FDU15,OUT035,inf
FDQ19,OUT046,inf
DRF15,OUT045,inf
DRE25,OUT019,inf
FDK57,OUT018,inf
FDD33,OUT010,inf
FDR34,OUT027,inf
FDU04,OUT045,inf
FDE35,OUT019,inf
NCD31,OUT035,inf
FDJ56,OUT035,inf
NCU53,OUT046,inf
FDD39,OUT035,inf
NCU17,OUT019,inf
FDJ20,OUT046,inf
NCW41,OUT018,inf
FDL52,OUT035,inf
FDS39,OUT035,inf
DRJ47,OUT045,inf
FDP13,OUT010,inf
DRK39,OUT010,inf
FDF28,OUT010,inf
FDB09,OUT045,inf
FDM51,OUT046,inf
DRM49,OUT018,inf
DRF23,OUT013,inf
DRH01,OUT035,inf
FDH12,OUT027,inf
FDA28,OUT019,inf
FDW37,OUT018,inf
FDF02,OUT046,inf
DRL37,OUT046,inf
NCF43,OUT046,inf
FDH08,OUT010,inf
FDR34,OUT019,inf
NCK19,OUT049,inf
NCD55,OUT018,inf
FDT27,OUT049,inf
FDQ57,OUT045,inf
FDA47,OUT035,inf
DRG15,OUT027,inf
FDE05,OUT018,inf
FDN46,OUT046,inf
FDX27,OUT027,inf
FDT51,OUT045,inf
FDU33,OUT013,inf
FDJ16,OUT027,inf
FDD20,OUT019,inf
FDT36,OUT049,inf
DRF15,OUT027,inf
FDN52,OUT010,inf
FDC22,OUT027,inf
FDX15,OUT045,inf
FDT13,OUT013,inf
FDU04,OUT017,inf
FDU31,OUT019,inf
FDW59,OUT027,inf
NCO29,OUT046,inf
FDL15,OUT035,inf
FDI41,OUT049,inf
FDQ48,OUT049,inf
DRI39,OUT013,inf
FDI08,OUT013,inf
FDC21,OUT049,inf
FDF58,OUT035,inf
FDS08,OUT010,inf
FDE47,OUT045,inf
NCP18,OUT019,inf
NCR41,OUT013,inf
FDA27,OUT013,inf
FDA43,OUT035,inf
FDA49,OUT045,inf
NCE55,OUT018,inf
DRM49,OUT027,inf
FDF22,OUT027,inf
FDQ15,OUT018,inf
NCS54,OUT017,inf
NCY05,OUT013,inf
FDR45,OUT046,inf
FDK57,OUT049,inf
FDF41,OUT010,inf
FDV21,OUT046,inf
FDD51,OUT046,inf
FDF33,OUT046,inf
FDA38,OUT046,inf
FDR56,OUT045,inf
NCN41,OUT017,inf
FDC60,OUT027,inf
FDB47,OUT045,inf
DRH01,OUT013,inf
FDW08,OUT046,inf
FDF38,OUT027,inf
FDY32,OUT017,inf
FDG34,OUT049,inf
FDG47,OUT019,inf
NCF18,OUT035,inf
FDL39,OUT019,inf
NCH55,OUT035,inf
DRJ35,OUT049,inf
FDS44,OUT035,inf
DRE01,OUT018,inf
FDY39,OUT013,inf
FDY32,OUT018,inf
FDR33,OUT027,inf
NCP50,OUT049,inf
FDZ47,OUT018,inf
FDU57,OUT049,inf
FDY44,OUT013,inf
DRH59,OUT018,inf
FDB03,OUT027,inf
FDY46,OUT045,inf
FDM39,OUT045,inf
FDY36,OUT035,inf
NCM55,OUT035,inf
FDJ50,OUT010,inf
DRL60,OUT013,inf
NCJ54,OUT049,inf
FDX59,OUT017,inf
FDI07,OUT013,inf
DRF51,OUT010,inf
FDM14,OUT017,inf
FDP21,OUT045,inf
FDE40,OUT035,inf
FDE05,OUT035,inf
FDM13,OUT027,inf
FDC34,OUT027,inf
NCI55,OUT018,inf
NCE43,OUT018,inf
FDW58,OUT018,inf
FDG60,OUT045,inf
FDV31,OUT017,inf
FDR47,OUT013,inf
FDM60,OUT019,inf
NCF06,OUT018,inf
NCN26,OUT027,inf
FDQ59,OUT049,inf
FDF09,OUT046,inf
NCS06,OUT017,inf
FDT44,OUT046,inf
FDI19,OUT017,inf
FDT22,OUT017,inf
NCF54,OUT027,inf
DRG25,OUT045,inf
FDB59,OUT017,inf
FDQ37,OUT017,inf
FDP56,OUT035,inf
FDW44,OUT035,inf
FDJ26,OUT010,inf
FDU43,OUT018,inf
FDW33,OUT045,inf
NCX53,OUT027,inf
FDN56,OUT010,inf
DRF15,OUT049,inf
FDO33,OUT017,inf
FDZ39,OUT010,inf
NCJ19,OUT017,inf
FDU01,OUT035,inf
FDT12,OUT035,inf
NCM18,OUT018,inf
FDP19,OUT017,inf
NCR42,OUT049,inf
FDN10,OUT046,inf
FDG44,OUT017,inf
FDQ10,OUT046,inf
DRH13,OUT049,inf
FDT52,OUT013,inf
FDM56,OUT045,inf
NCO43,OUT010,inf
NCV29,OUT035,inf
NCF06,OUT013,inf
FDO50,OUT035,inf
FDT59,OUT013,inf
FDX40,OUT027,inf
FDE50,OUT017,inf
FDX51,OUT017,inf
NCD30,OUT018,inf
FDK15,OUT013,inf
FDL12,OUT045,inf
FDK46,OUT017,inf
DRH49,OUT010,inf
FDQ57,OUT046,inf
FDY59,OUT017,inf
FDO09,OUT018,inf
NCG30,OUT035,inf
FDM09,OUT017,inf
NCN17,OUT027,inf
NCS42,OUT013,inf
FDD02,OUT019,inf
FDE34,OUT013,inf
FDU38,OUT045,inf
FDB33,OUT046,inf
NCJ29,OUT017,inf
FDZ27,OUT035,inf
FDI40,OUT013,inf
FDG22,OUT013,inf
FDT51,OUT017,inf
FDF20,OUT018,inf
FDV50,OUT035,inf
FDT02,OUT049,inf
DRC49,OUT017,inf
FDF26,OUT049,inf
FDV52,OUT035,inf
FDX59,OUT049,inf
FDV25,OUT035,inf
FDW23,OUT027,inf
FDE53,OUT018,inf
FDA19,OUT017,inf
FDH22,OUT046,inf
NCO41,OUT013,inf
FDX12,OUT017,inf
FDF17,OUT013,inf
FDS11,OUT045,inf
FDR51,OUT035,inf
FDT49,OUT010,inf
FDC56,OUT013,inf
FDR13,OUT027,inf
FDQ60,OUT035,inf
FDN38,OUT049,inf
NCL29,OUT013,inf
FDO13,OUT027,inf
FDE26,OUT018,inf
FDA31,OUT010,inf
FDX14,OUT035,inf
FDA34,OUT045,inf
FDF26,OUT013,inf
FDE38,OUT045,inf
DRI11,OUT046,inf
FDQ60,OUT027,inf
FDL21,OUT027,inf
DRC12,OUT027,inf
FDC47,OUT046,inf
FDE57,OUT045,inf
FDT14,OUT045,inf
NCZ53,OUT046,inf
FDE28,OUT018,inf
FDR19,OUT035,inf
NCF54,OUT019,inf
FDZ08,OUT046,inf
NCJ05,OUT018,inf
FDF59,OUT046,inf
NCO05,OUT035,inf
FDW24,OUT018,inf
NCX42,OUT018,inf
NCA53,OUT035,inf
FDI45,OUT019,inf
FDG46,OUT046,inf
FDM20,OUT010,inf
FDW11,OUT010,inf
FDX08,OUT035,inf
NCK17,OUT035,inf
FDK32,OUT018,inf
NCA42,OUT035,inf
DRI01,OUT035,inf
NCL55,OUT049,inf
DRE25,OUT018,inf
FDD14,OUT017,inf
FDB10,OUT046,inf
DRN11,OUT035,inf
FDP38,OUT018,inf
NCA30,OUT017,inf
FDT15,OUT017,inf
NCP55,OUT018,inf
FDF12,OUT035,inf
FDM21,OUT018,inf
FDX56,OUT035,inf
FDF10,OUT017,inf
FDT32,OUT045,inf
FDM51,OUT018,inf
NCR50,OUT018,inf
FDI19,OUT049,inf
FDX21,OUT017,inf
FDR31,OUT035,inf
FDY02,OUT013,inf
NCA29,OUT045,inf
NCX17,OUT046,inf
FDM12,OUT045,inf
FDI53,OUT027,inf
NCU30,OUT049,inf
FDC56,OUT027,inf
FDK27,OUT018,inf
NCK18,OUT017,inf
FDB52,OUT019,inf
DRG25,OUT027,inf
FDZ13,OUT049,inf
FDB57,OUT019,inf
FDR40,OUT046,inf
NCO14,OUT019,inf
NCN19,OUT045,inf
FDQ28,OUT019,inf
FDO13,OUT018,inf
FDK48,OUT013,inf
FDU07,OUT018,inf
FDW20,OUT046,inf
FDV12,OUT010,inf
FDH24,OUT013,inf
FDV59,OUT049,inf
FDK57,OUT045,inf
FDL16,OUT027,inf
NCQ17,OUT046,inf
FDJ15,OUT018,inf
FDX24,OUT049,inf
FDT47,OUT046,inf
FDT10,OUT049,inf
FDZ37,OUT018,inf
FDW43,OUT027,inf
DRN36,OUT017,inf
FDJ14,OUT045,inf
FDA32,OUT013,inf
FDJ38,OUT019,inf
FDQ57,OUT017,inf
NCQ41,OUT019,inf
FDG56,OUT049,inf
DRC13,OUT027,inf
FDV55,OUT035,inf
FDQ49,OUT045,inf
FDE29,OUT010,inf
FDR03,OUT013,inf
FDD45,OUT049,inf
FDN38,OUT010,inf
FDT56,OUT046,inf
FDT48,OUT045,inf
FDU03,OUT049,inf
FDC56,OUT010,inf
NCO43,OUT027,inf
FDQ27,OUT017,inf
FDR03,OUT046,inf
DRH23,OUT010,inf
FDG22,OUT045,inf
NCJ42,OUT013,inf
FDR24,OUT046,inf
FDW60,OUT035,inf
FDJ08,OUT013,inf
DRL59,OUT018,inf
FDG60,OUT010,inf
FDW27,OUT017,inf
FDX14,OUT018,inf
FDC20,OUT013,inf
NCS29,OUT018,inf
FDJ56,OUT046,inf
FDB20,OUT019,inf
FDL28,OUT027,inf
FDW01,OUT018,inf
FDL03,OUT046,inf
FDX22,OUT049,inf
FDJ21,OUT035,inf
FDR31,OUT045,inf
FDG21,OUT035,inf
FDS22,OUT027,inf
FDK08,OUT035,inf
FDE17,OUT018,inf
NCN30,OUT017,inf
FDT50,OUT046,inf
NCX42,OUT049,inf
FDJ12,OUT035,inf
NCA18,OUT027,inf
FDP23,OUT019,inf
FDX12,OUT013,inf
FDN40,OUT018,inf
FDV48,OUT035,inf
NCY54,OUT013,inf
FDL16,OUT010,inf
FDR45,OUT018,inf
FDJ52,OUT046,inf
DRG01,OUT017,inf
FDP52,OUT013,inf
FDU58,OUT017,inf
FDL02,OUT045,inf
FDG28,OUT013,inf
FDA19,OUT035,inf
FDW46,OUT027,inf
NCD43,OUT049,inf
DRG39,OUT013,inf
NCF55,OUT049,inf
FDJ07,OUT046,inf
FDE08,OUT046,inf
FDP56,OUT019,inf
FDT45,OUT045,inf
FDF17,OUT018,inf
FDX44,OUT046,inf
FDM28,OUT027,inf
FDI36,OUT049,inf
FDS07,OUT045,inf
FDD36,OUT045,inf
FDW11,OUT046,inf
FDN40,OUT049,inf
NCQ18,OUT049,inf
NCQ54,OUT017,inf
NCS42,OUT045,inf
DRH39,OUT010,inf
FDC09,OUT027,inf
FDT08,OUT010,inf
FDC08,OUT035,inf
FDT20,OUT017,inf
FDS35,OUT035,inf
FDX58,OUT018,inf
FDW58,OUT046,inf
DRD27,OUT046,inf
FDH32,OUT019,inf
FDS26,OUT035,inf
FDQ31,OUT046,inf
FDP11,OUT018,inf
FDD58,OUT017,inf
FDM33,OUT045,inf
FDZ16,OUT049,inf
NCS29,OUT010,inf
NCM18,OUT019,inf
FDP11,OUT049,inf
NCC42,OUT017,inf
DRM23,OUT046,inf
NCN55,OUT027,inf
FDK46,OUT013,inf
FDR01,OUT046,inf
NCA05,OUT045,inf
NCP43,OUT017,inf
FDR12,OUT010,inf
FDQ01,OUT013,inf
FDM13,OUT046,inf
FDQ19,OUT017,inf
FDK56,OUT019,inf
NCX06,OUT010,inf
FDO56,OUT027,inf
FDU45,OUT045,inf
FDI16,OUT019,inf
FDL32,OUT046,inf
FDA07,OUT046,inf
FDA14,OUT045,inf
FDV46,OUT027,inf
NCO07,OUT035,inf
NCP41,OUT046,inf
FDY60,OUT018,inf
FDN38,OUT017,inf
FDO15,OUT046,inf
FDT60,OUT013,inf
FDA55,OUT035,inf
FDE02,OUT010,inf
DRJ39,OUT049,inf
FDV34,OUT035,inf
FDS20,OUT027,inf
FDF02,OUT027,inf
FDW40,OUT017,inf
NCB43,OUT046,inf
FDR58,OUT017,inf
DRJ59,OUT035,inf
NCD30,OUT017,inf
FDE14,OUT017,inf
FDC28,OUT018,inf
FDU16,OUT018,inf
NCD19,OUT035,inf
FDU21,OUT046,inf
FDV59,OUT027,inf
FDU03,OUT045,inf
FDC33,OUT010,inf
NCR42,OUT035,inf
DRH59,OUT035,inf
NCM31,OUT035,inf
FDS50,OUT035,inf
FDP39,OUT046,inf
FDQ55,OUT013,inf
FDV36,OUT019,inf
FDI05,OUT027,inf
FDS45,OUT027,inf
FDA39,OUT045,inf
FDC37,OUT010,inf
FDJ60,OUT027,inf
DRQ35,OUT046,inf
NCJ06,OUT046,inf
NCY42,OUT018,inf
DRM37,OUT049,inf
FDR14,OUT045,inf
FDE51,OUT049,inf
FDT33,OUT017,inf
FDR08,OUT013,inf
FDE36,OUT010,inf
FDL22,OUT019,inf
FDR44,OUT013,inf
FDI56,OUT019,inf
FDE47,OUT010,inf
FDV27,OUT010,inf
FDV10,OUT049,inf
FDC40,OUT045,inf
NCX41,OUT013,inf
NCQ38,OUT027,inf
FDV12,OUT027,inf
FDE52,OUT017,inf
FDG20,OUT027,inf
FDV16,OUT027,inf
FDI32,OUT017,inf
FDJ32,OUT049,inf
FDN39,OUT018,inf
FDY34,OUT017,inf
FDC14,OUT035,inf
FDA55,OUT017,inf
FDZ50,OUT010,inf
DRG13,OUT049,inf
FDP01,OUT013,inf
NCG54,OUT017,inf
FDM13,OUT045,inf
NCO18,OUT027,inf
NCW41,OUT013,inf
FDM52,OUT027,inf
NCF55,OUT035,inf
FDT09,OUT046,inf
NCM19,OUT035,inf
FDW12,OUT018,inf
FDP15,OUT019,inf
FDK36,OUT045,inf
FDZ25,OUT035,inf
NCW06,OUT049,inf
FDW60,OUT046,inf
DRC49,OUT013,inf
NCT17,OUT035,inf
NCN06,OUT018,inf
FDC45,OUT013,inf
DRJ47,OUT019,inf
NCF06,OUT045,inf
FDE21,OUT010,inf
DRG27,OUT013,inf
FDW40,OUT049,inf
NCO53,OUT046,inf
FDE23,OUT049,inf
FDQ16,OUT046,inf
FDS26,OUT045,inf
FDZ13,OUT010,inf
FDS14,OUT049,inf
FDC10,OUT045,inf
FDY16,OUT049,inf
FDJ20,OUT035,inf
FDV43,OUT035,inf
FDZ32,OUT027,inf
FDR23,OUT046,inf
FDN24,OUT035,inf
FDE34,OUT027,inf
FDU31,OUT013,inf
FDW33,OUT018,inf
FDU26,OUT046,inf
FDE20,OUT027,inf
NCW05,OUT035,inf
FDB22,OUT018,inf
FDO56,OUT046,inf
FDA19,OUT027,inf
DRI39,OUT045,inf
FDH52,OUT018,inf
FDZ50,OUT035,inf
NCN42,OUT035,inf
FDB53,OUT013,inf
DRG11,OUT017,inf
DRK11,OUT027,inf
FDQ60,OUT017,inf
FDT36,OUT017,inf
DRG25,OUT018,inf
DRJ23,OUT046,inf
FDG05,OUT035,inf
NCK06,OUT018,inf
FDU52,OUT017,inf
FDW07,OUT018,inf
NCM17,OUT045,inf
FDA22,OUT045,inf
NCA41,OUT018,inf
FDF38,OUT035,inf
FDH52,OUT046,inf
FDY58,OUT019,inf
FDZ16,OUT045,inf
NCM18,OUT017,inf
FDA22,OUT018,inf
NCJ43,OUT035,inf
FDI34,OUT027,inf
FDG56,OUT046,inf
FDS34,OUT046,inf
DRC01,OUT035,inf
FDQ04,OUT035,inf
FDK04,OUT035,inf
FDT51,OUT049,inf
FDV26,OUT017,inf
FDS04,OUT049,inf
FDW43,OUT018,inf
FDQ28,OUT010,inf
NCK06,OUT017,inf
FDS23,OUT018,inf
FDZ36,OUT019,inf
FDE56,OUT018,inf
FDW10,OUT027,inf
NCN14,OUT045,inf
NCQ18,OUT045,inf
FDW08,OUT017,inf
FDU43,OUT035,inf
FDR33,OUT010,inf
FDM24,OUT010,inf
NCZ05,OUT046,inf
NCV41,OUT035,inf
FDV11,OUT018,inf
NCY05,OUT035,inf
FDV44,OUT018,inf
FDW32,OUT049,inf
NCU18,OUT027,inf
NCC43,OUT035,inf
FDW19,OUT013,inf
FDN31,OUT035,inf
FDI48,OUT045,inf
FDS24,OUT017,inf
FDF46,OUT049,inf
DRG23,OUT017,inf
FDG14,OUT018,inf
NCY30,OUT049,inf
FDO28,OUT018,inf
DRD24,OUT035,inf
FDI33,OUT049,inf
FDN32,OUT046,inf
FDR16,OUT045,inf
FDF26,OUT046,inf
NCN29,OUT018,inf
FDE20,OUT045,inf
FDA46,OUT046,inf
FDU28,OUT045,inf
FDQ48,OUT045,inf
FDV36,OUT013,inf
FDR14,OUT018,inf
FDP23,OUT017,inf
FDP56,OUT013,inf
FDK48,OUT010,inf
FDR48,OUT046,inf
NCY29,OUT049,inf
FDM22,OUT018,inf
DRJ01,OUT013,inf
FDZ43,OUT045,inf
FDV03,OUT035,inf
FDX11,OUT027,inf
NCA41,OUT027,inf
FDE38,OUT017,inf
FDI27,OUT018,inf
FDN32,OUT013,inf
NCN43,OUT017,inf
FDB47,OUT027,inf
FDV03,OUT017,inf
NCN30,OUT045,inf
NCV54,OUT010,inf
FDV07,OUT013,inf
FDP07,OUT049,inf
FDK48,OUT018,inf
FDM15,OUT019,inf
FDY19,OUT027,inf
FDK46,OUT046,inf
FDY11,OUT045,inf
FDH09,OUT046,inf
FDO08,OUT027,inf
FDU14,OUT013,inf
FDD22,OUT027,inf
FDM27,OUT017,inf
FDL02,OUT027,inf
NCA17,OUT035,inf
FDE38,OUT019,inf
NCG07,OUT049,inf
DRC27,OUT013,inf
FDA27,OUT035,inf
FDW40,OUT045,inf
DRI11,OUT013,inf
FDN50,OUT046,inf
FDR12,OUT046,inf
FDT34,OUT027,inf
FDW11,OUT035,inf
NCO30,OUT027,inf
FDZ34,OUT017,inf
FDU45,OUT017,inf
NCD42,OUT035,inf
FDX25,OUT045,inf
NCR29,OUT046,inf
FDX43,OUT019,inf
FDB04,OUT010,inf
FDR49,OUT027,inf
FDS39,OUT018,inf
FDW58,OUT045,inf
FDG22,OUT019,inf
FDG31,OUT017,inf
NCV53,OUT027,inf
DRJ37,OUT035,inf
FDV07,OUT035,inf
FDW52,OUT018,inf
FDT15,OUT045,inf
FDD02,OUT018,inf
FDM16,OUT035,inf
NCE55,OUT046,inf
FDB57,OUT018,inf
FDQ04,OUT013,inf
FDQ47,OUT019,inf
FDY14,OUT019,inf
DRK37,OUT017,inf
FDO25,OUT017,inf
FDL57,OUT046,inf
NCK29,OUT018,inf
FDK46,OUT027,inf
NCB43,OUT010,inf
DRE01,OUT027,inf
FDC46,OUT018,inf
FDQ23,OUT045,inf
FDX38,OUT049,inf
FDG60,OUT018,inf
FDW55,OUT017,inf
FDP39,OUT013,inf
FDB20,OUT018,inf
FDV21,OUT017,inf
FDZ02,OUT013,inf
FDP19,OUT027,inf
FDA38,OUT035,inf
FDH22,OUT045,inf
DRM11,OUT045,inf
FDO12,OUT027,inf
FDT14,OUT049,inf
FDW34,OUT010,inf
FDG04,OUT027,inf
FDW59,OUT018,inf
FDR33,OUT018,inf
FDP32,OUT013,inf
FDL13,OUT027,inf
FDD22,OUT013,inf
FDV40,OUT027,inf
NCD55,OUT046,inf
FDQ20,OUT010,inf
FDD28,OUT045,inf
FDC39,OUT045,inf
NCR17,OUT049,inf
DRO35,OUT018,inf
FDF40,OUT049,inf
FDR31,OUT018,inf
NCQ41,OUT017,inf
FDP38,OUT046,inf
NCU54,OUT027,inf
FDG22,OUT018,inf
DRK59,OUT013,inf
FDC37,OUT046,inf
NCO42,OUT013,inf
NCT42,OUT017,inf
FDX27,OUT035,inf
FDV40,OUT018,inf
FDT45,OUT027,inf
FDS47,OUT019,inf
FDR45,OUT035,inf
FDB03,OUT045,inf
FDO49,OUT035,inf
FDU60,OUT027,inf
FDB26,OUT018,inf
FDB46,OUT017,inf
FDQ37,OUT019,inf
FDN03,OUT017,inf
NCX30,OUT045,inf
FDK32,OUT019,inf
DRM47,OUT013,inf
NCO02,OUT046,inf
FDP04,OUT013,inf
NCO43,OUT049,inf
FDD59,OUT013,inf
FDQ10,OUT017,inf
FDW45,OUT035,inf
NCK30,OUT049,inf
FDU31,OUT018,inf
NCQ17,OUT019,inf
FDN01,OUT017,inf
FDZ19,OUT049,inf
DRG37,OUT017,inf
FDE32,OUT045,inf
FDO34,OUT049,inf
FDM04,OUT019,inf
FDZ25,OUT049,inf
FDU08,OUT049,inf
NCW30,OUT045,inf
NCM18,OUT013,inf
FDS22,OUT035,inf
NCH18,OUT017,inf
FDC23,OUT013,inf
FDY46,OUT013,inf
NCU06,OUT046,inf
FDX57,OUT045,inf
FDX36,OUT027,inf
FDL16,OUT045,inf
FDT16,OUT010,inf
FDN16,OUT018,inf
FDC03,OUT046,inf
DRF60,OUT013,inf
FDS27,OUT027,inf
FDP33,OUT010,inf
FDJ36,OUT018,inf
NCR42,OUT013,inf
FDV14,OUT017,inf
NCP42,OUT035,inf
FDB50,OUT027,inf
NCC30,OUT027,inf
FDA23,OUT018,inf
FDW16,OUT017,inf
FDQ52,OUT010,inf
FDB58,OUT049,inf
NCP29,OUT049,inf
NCM05,OUT045,inf
FDO25,OUT013,inf
NCM54,OUT046,inf
NCL54,OUT046,inf
FDL39,OUT010,inf
FDF53,OUT018,inf
NCQ42,OUT035,inf
FDF58,OUT013,inf
FDZ04,OUT035,inf
FDE26,OUT019,inf
FDS60,OUT017,inf
FDV58,OUT017,inf
FDM04,OUT045,inf
FDE08,OUT035,inf
NCB43,OUT049,inf
FDU11,OUT010,inf
FDF22,OUT019,inf
FDE24,OUT013,inf
DRJ49,OUT046,inf
NCQ53,OUT035,inf
NCL41,OUT013,inf
FDR22,OUT013,inf
FDH04,OUT035,inf
DRH15,OUT045,inf
FDY40,OUT049,inf
NCI17,OUT035,inf
NCC18,OUT013,inf
FDY28,OUT027,inf
FDB45,OUT027,inf
NCL30,OUT018,inf
FDM10,OUT017,inf
FDH22,OUT027,inf
NCZ53,OUT017,inf
NCI18,OUT013,inf
FDH14,OUT027,inf
FDR36,OUT027,inf
FDW01,OUT045,inf
FDK02,OUT027,inf
FDJ02,OUT018,inf
FDU55,OUT013,inf
NCV18,OUT027,inf
FDH14,OUT018,inf
FDZ37,OUT045,inf
FDX49,OUT049,inf
NCD43,OUT046,inf
FDZ07,OUT013,inf
FDK43,OUT035,inf
FDR32,OUT018,inf
FDT39,OUT013,inf
NCV54,OUT017,inf
FDF38,OUT018,inf
FDV60,OUT046,inf
FDH44,OUT027,inf
FDS21,OUT046,inf
NCL41,OUT045,inf
FDM46,OUT017,inf
FDU27,OUT045,inf
NCJ54,OUT017,inf
DRG51,OUT018,inf
NCA29,OUT019,inf
FDR47,OUT045,inf
NCL19,OUT027,inf
DRG01,OUT049,inf
FDG10,OUT046,inf
NCV05,OUT049,inf
NCH18,OUT019,inf
FDV14,OUT018,inf
DRJ23,OUT035,inf
DRJ11,OUT046,inf
FDZ03,OUT017,inf
FDI27,OUT010,inf
FDJ14,OUT018,inf
FDU32,OUT017,inf
FDD47,OUT027,inf
DRF36,OUT035,inf
FDM21,OUT046,inf
FDV10,OUT018,inf
FDH60,OUT018,inf
FDX47,OUT010,inf
FDT19,OUT019,inf
FDO11,OUT045,inf
FDH24,OUT027,inf
FDL02,OUT018,inf
FDB02,OUT049,inf
FDA43,OUT046,inf
FDG52,OUT045,inf
DRC12,OUT013,inf
FDY37,OUT018,inf
NCU18,OUT045,inf
FDU09,OUT035,inf
DRJ25,OUT027,inf
DRE12,OUT018,inf
DRL47,OUT017,inf
DRK01,OUT046,inf
FDC22,OUT019,inf
FDG44,OUT013,inf
FDW04,OUT035,inf
FDK09,OUT049,inf
NCN43,OUT035,inf
FDG04,OUT049,inf
FDH32,OUT010,inf
DRI47,OUT017,inf
DRE15,OUT013,inf
FDY11,OUT035,inf
FDO60,OUT049,inf
FDQ20,OUT018,inf
FDO57,OUT027,inf
FDT14,OUT019,inf
FDA57,OUT049,inf
DRN35,OUT017,inf
FDJ03,OUT046,inf
FDX28,OUT017,inf
DRE25,OUT045,inf
FDR09,OUT046,inf
FDB23,OUT035,inf
FDO08,OUT045,inf
FDQ23,OUT049,inf
FDW04,OUT013,inf
DRK13,OUT010,inf
NCL17,OUT027,inf
FDY21,OUT035,inf
FDJ38,OUT027,inf
FDA37,OUT019,inf
FDV43,OUT013,inf
FDL36,OUT046,inf
FDD53,OUT045,inf
FDZ19,OUT010,inf
FDV21,OUT045,inf
NCL54,OUT018,inf
DRI47,OUT027,inf
DRG03,OUT049,inf
FDG21,OUT013,inf
FDW03,OUT018,inf
NCI55,OUT046,inf
DRC36,OUT019,inf
FDH22,OUT017,inf
FDV20,OUT045,inf
NCU41,OUT027,inf
FDN46,OUT027,inf
FDK50,OUT045,inf
NCA05,OUT027,inf
DRH01,OUT018,inf
FDT08,OUT018,inf
FDM08,OUT018,inf
FDZ07,OUT035,inf
FDS22,OUT017,inf
FDV35,OUT027,inf
FDI28,OUT010,inf
FDW58,OUT027,inf
FDT52,OUT045,inf
FDY34,OUT046,inf
FDR10,OUT046,inf
FDK57,OUT017,inf
FDR02,OUT027,inf
FDX49,OUT046,inf
FDQ20,OUT046,inf
DRK23,OUT045,inf
NCW06,OUT046,inf
FDR31,OUT017,inf
NCE43,OUT013,inf
DRO59,OUT027,inf
FDN09,OUT049,inf
FDR11,OUT046,inf
FDO57,OUT013,inf
NCX18,OUT017,inf
FDB05,OUT018,inf
FDQ08,OUT018,inf
NCG43,OUT035,inf
FDJ56,OUT013,inf
FDA13,OUT010,inf
FDO56,OUT017,inf
FDB37,OUT018,inf
FDZ02,OUT018,inf
FDQ24,OUT046,inf
FDM16,OUT013,inf
FDU35,OUT049,inf
FDT35,OUT035,inf
NCX30,OUT049,inf
FDG04,OUT017,inf
FDI12,OUT035,inf
FDE35,OUT035,inf
NCP14,OUT027,inf
NCY53,OUT045,inf
FDP49,OUT017,inf
FDQ04,OUT017,inf
FDM39,OUT035,inf
FDO58,OUT019,inf
FDC56,OUT017,inf
NCQ54,OUT046,inf
FDV10,OUT027,inf
NCK17,OUT046,inf
NCF55,OUT027,inf
FDV33,OUT013,inf
NCH29,OUT019,inf
FDA37,OUT027,inf
FDH46,OUT018,inf
FDS25,OUT035,inf
FDH04,OUT027,inf
FDX52,OUT046,inf
NCD42,OUT017,inf
FDW47,OUT017,inf
FDL25,OUT027,inf
NCJ06,OUT010,inf
FDY09,OUT013,inf
FDS40,OUT046,inf
FDH41,OUT017,inf
FDG38,OUT035,inf
FDU03,OUT027,inf
FDV20,OUT046,inf
DRB13,OUT045,inf
NCQ30,OUT013,inf
NCH06,OUT013,inf
FDU50,OUT018,inf
NCO42,OUT019,inf
FDW09,OUT018,inf
FDH04,OUT013,inf
FDC21,OUT045,inf
FDL21,OUT049,inf
FDM46,OUT010,inf
FDT22,OUT019,inf
FDB28,OUT035,inf
FDI12,OUT018,inf
FDA28,OUT045,inf
FDF59,OUT013,inf
FDM45,OUT027,inf
FDQ56,OUT017,inf
FDR46,OUT049,inf
FDT01,OUT013,inf
FDD16,OUT027,inf
NCU30,OUT010,inf
FDM40,OUT010,inf
FDI56,OUT035,inf
NCS30,OUT013,inf
FDU08,OUT017,inf
FDX51,OUT027,inf
FDA43,OUT045,inf
FDX59,OUT010,inf
FDC37,OUT018,inf
FDP58,OUT013,inf
NCY42,OUT035,inf
FDF21,OUT018,inf
FDU10,OUT027,inf
DRL47,OUT018,inf
FDA58,OUT018,inf
FDJ22,OUT049,inf
FDK50,OUT046,inf
FDO38,OUT035,inf
DRF60,OUT035,inf
NCZ42,OUT019,inf
FDD35,OUT049,inf
FDL25,OUT045,inf
FDJ16,OUT013,inf
DRK59,OUT049,inf
FDI50,OUT046,inf
NCB19,OUT045,inf
DRI37,OUT035,inf
FDA14,OUT027,inf
FDC08,OUT018,inf
FDS45,OUT046,inf
FDI21,OUT049,inf
DRJ47,OUT035,inf
DRE37,OUT027,inf
FDT55,OUT018,inf
NCG42,OUT027,inf
FDA31,OUT049,inf
NCW42,OUT046,inf
FDF50,OUT017,inf
FDK56,OUT049,inf
FDX10,OUT035,inf
NCK07,OUT027,inf
FDZ49,OUT017,inf
FDR33,OUT013,inf
FDO44,OUT018,inf
FDA20,OUT046,inf
NCL30,OUT045,inf
FDI05,OUT019,inf
FDQ12,OUT018,inf
FDH47,OUT017,inf
FDH34,OUT018,inf
FDF29,OUT046,inf
FDG40,OUT018,inf
NCE18,OUT017,inf
FDP21,OUT010,inf
FDY50,OUT013,inf
FDB36,OUT049,inf
NCZ29,OUT049,inf
FDU20,OUT018,inf
FDO56,OUT013,inf
FDW31,OUT049,inf
DRH59,OUT013,inf
NCB30,OUT017,inf
FDK43,OUT027,inf
FDW43,OUT045,inf
NCL19,OUT017,inf
FDJ27,OUT046,inf
FDC45,OUT046,inf
FDY40,OUT035,inf
NCM41,OUT035,inf
NCK18,OUT019,inf
FDP37,OUT049,inf
FDA27,OUT027,inf
NCX30,OUT035,inf
FDR09,OUT017,inf
FDG08,OUT027,inf
NCU30,OUT013,inf
FDB16,OUT017,inf
FDM16,OUT017,inf
FDC48,OUT013,inf
NCF18,OUT046,inf
FDU46,OUT018,inf
FDH41,OUT018,inf
NCN42,OUT010,inf
FDU49,OUT046,inf
FDB20,OUT027,inf
FDG50,OUT019,inf
FDW20,OUT045,inf
NCO55,OUT049,inf
FDX48,OUT046,inf
FDU48,OUT046,inf
FDR48,OUT019,inf
FDK27,OUT013,inf
FDT35,OUT013,inf
FDN12,OUT049,inf
NCE31,OUT019,inf
FDL21,OUT017,inf
FDV56,OUT017,inf
FDR16,OUT017,inf
NCP41,OUT049,inf
FDJ27,OUT013,inf
FDA07,OUT017,inf
FDK55,OUT049,inf
FDM33,OUT049,inf
FDY46,OUT046,inf
FDD36,OUT046,inf
FDB12,OUT027,inf
FDF28,OUT019,inf
NCE07,OUT019,inf
FDW50,OUT027,inf
NCW18,OUT017,inf
NCJ17,OUT019,inf
DRZ24,OUT010,inf
FDS07,OUT035,inf
NCW05,OUT010,inf
FDZ22,OUT018,inf
FDK02,OUT046,inf
FDZ45,OUT027,inf
FDL25,OUT046,inf
FDS08,OUT045,inf
NCZ42,OUT027,inf
FDX57,OUT035,inf
FDF21,OUT046,inf
FDJ56,OUT018,inf
FDX10,OUT013,inf
DRG48,OUT035,inf
DRN37,OUT046,inf
NCY41,OUT018,inf
FDN28,OUT045,inf
FDE34,OUT045,inf
FDR10,OUT045,inf
FDC32,OUT017,inf
DRG13,OUT046,inf
FDP59,OUT049,inf
NCT53,OUT010,inf
FDL57,OUT027,inf
FDN32,OUT010,inf
FDK09,OUT018,inf
FDA52,OUT010,inf
FDC57,OUT049,inf
FDI09,OUT035,inf
NCB07,OUT046,inf
FDP26,OUT035,inf
FDP40,OUT027,inf
FDL15,OUT013,inf
FDV07,OUT046,inf
FDS03,OUT017,inf
FDE50,OUT049,inf
FDQ15,OUT017,inf
FDQ33,OUT010,inf
FDT22,OUT013,inf
DRO35,OUT035,inf
FDJ41,OUT049,inf
FDQ27,OUT035,inf
FDC26,OUT017,inf
NCF43,OUT027,inf
NCR50,OUT035,inf
FDE39,OUT018,inf
FDN49,OUT027,inf
DRG11,OUT035,inf
NCA18,OUT049,inf
FDM36,OUT018,inf
FDW32,OUT017,inf
NCQ18,OUT010,inf
FDX14,OUT027,inf
FDD46,OUT017,inf
FDI34,OUT019,inf
NCJ17,OUT035,inf
FDB52,OUT035,inf
FDV55,OUT018,inf
FDC57,OUT046,inf
FDB29,OUT046,inf
NCO43,OUT035,inf
FDG44,OUT045,inf
FDJ34,OUT045,inf
FDH40,OUT049,inf
NCD07,OUT027,inf
FDB41,OUT017,inf
FDH47,OUT018,inf
DRK37,OUT035,inf
FDM25,OUT019,inf
NCX06,OUT045,inf
NCS05,OUT017,inf
FDS39,OUT045,inf
FDC47,OUT027,inf
FDG20,OUT013,inf
DRL23,OUT017,inf
FDY33,OUT013,inf
NCH18,OUT045,inf
FDX47,OUT035,inf
NCB06,OUT045,inf
FDP36,OUT049,inf
FDW44,OUT018,inf
NCU41,OUT018,inf
NCS17,OUT046,inf
FDD46,OUT035,inf
FDE45,OUT017,inf
FDI09,OUT017,inf
NCJ54,OUT010,inf
NCA29,OUT018,inf
NCN41,OUT027,inf
FDY34,OUT035,inf
NCG55,OUT035,inf
DRM49,OUT046,inf
NCB42,OUT049,inf
FDE58,OUT045,inf
DRJ25,OUT013,inf
FDS47,OUT010,inf
FDY21,OUT049,inf
NCI54,OUT013,inf
FDO24,OUT017,inf
FDY43,OUT035,inf
FDF35,OUT018,inf
NCP29,OUT019,inf
FDN28,OUT027,inf
FDJ50,OUT018,inf
FDQ14,OUT027,inf
FDC37,OUT035,inf
FDN08,OUT046,inf
FDD04,OUT035,inf
FDW34,OUT018,inf
FDP04,OUT017,inf
NCG07,OUT017,inf
NCN14,OUT018,inf
FDJ16,OUT045,inf
NCM42,OUT045,inf
NCF19,OUT046,inf
FDY21,OUT018,inf
FDY19,OUT035,inf
FDV09,OUT045,inf
FDA28,OUT013,inf
FDC38,OUT018,inf
FDL28,OUT045,inf
NCH43,OUT049,inf
NCN53,OUT045,inf
NCW05,OUT017,inf
NCO30,OUT018,inf
FDT04,OUT019,inf
FDB27,OUT018,inf
NCK07,OUT013,inf
NCA53,OUT013,inf
FDB33,OUT018,inf
FDU37,OUT017,inf
FDR13,OUT035,inf
FDE45,OUT049,inf
FDV37,OUT017,inf
FDX44,OUT019,inf
NCL06,OUT017,inf
FDJ28,OUT045,inf
FDX55,OUT049,inf
NCK17,OUT018,inf
FDH52,OUT035,inf
FDN13,OUT027,inf
FDK44,OUT018,inf
FDU16,OUT046,inf
FDZ07,OUT017,inf
NCN06,OUT027,inf
FDH02,OUT010,inf
NCW18,OUT045,inf
FDH57,OUT013,inf
FDV35,OUT045,inf
NCU29,OUT013,inf
NCP02,OUT046,inf
FDN44,OUT013,inf
FDX03,OUT018,inf
FDR11,OUT010,inf
FDA36,OUT046,inf
FDP58,OUT027,inf
FDH31,OUT045,inf
FDH34,OUT035,inf
FDS13,OUT035,inf
FDT01,OUT018,inf
FDY09,OUT049,inf
FDV33,OUT027,inf
NCW29,OUT010,inf
NCN17,OUT045,inf
FDX01,OUT046,inf
FDL03,OUT049,inf
DRL59,OUT049,inf
DRM11,OUT027,inf
FDA43,OUT049,inf
FDZ56,OUT010,inf
FDI44,OUT018,inf
FDB50,OUT013,inf
FDU15,OUT019,inf
NCJ19,OUT019,inf
FDD48,OUT013,inf
NCW42,OUT035,inf
FDL24,OUT017,inf
NCB30,OUT013,inf
FDK25,OUT013,inf
FDW28,OUT049,inf
FDD47,OUT017,inf
FDK16,OUT019,inf
FDW37,OUT046,inf
FDA48,OUT035,inf
FDA14,OUT017,inf
FDV15,OUT013,inf
FDN22,OUT049,inf
NCD55,OUT045,inf
FDY43,OUT013,inf
NCU05,OUT017,inf
FDF10,OUT035,inf
FDR39,OUT018,inf
FDG40,OUT013,inf
FDZ28,OUT019,inf
FDE02,OUT045,inf
FDU60,OUT049,inf
FDM21,OUT013,inf
FDV52,OUT019,inf
NCW06,OUT013,inf
FDX36,OUT035,inf
FDT35,OUT027,inf
NCL19,OUT010,inf
NCD31,OUT046,inf
FDE53,OUT019,inf
FDW58,OUT019,inf
DRF48,OUT046,inf
FDW57,OUT035,inf
DRH13,OUT017,inf
FDT33,OUT013,inf
DRK47,OUT027,inf
FDY22,OUT010,inf
FDC35,OUT019,inf
FDO03,OUT013,inf
FDF24,OUT045,inf
FDF56,OUT018,inf
FDD28,OUT013,inf
FDG53,OUT027,inf
FDO27,OUT019,inf
NCF54,OUT018,inf
FDC20,OUT027,inf
FDU10,OUT046,inf
DRA24,OUT018,inf
FDA02,OUT010,inf
FDG10,OUT017,inf
FDW39,OUT010,inf
FDP04,OUT019,inf
NCM55,OUT013,inf
FDG47,OUT045,inf
NCU41,OUT017,inf
NCK31,OUT017,inf
FDZ46,OUT045,inf
FDU13,OUT027,inf
NCF19,OUT045,inf
NCJ43,OUT013,inf
NCJ05,OUT045,inf
FDS04,OUT027,inf
FDX28,OUT010,inf
FDB41,OUT027,inf
FDG53,OUT046,inf
FDL15,OUT010,inf
FDQ08,OUT049,inf
DRN36,OUT013,inf
FDI46,OUT013,inf
FDG16,OUT027,inf
FDV32,OUT013,inf
FDF44,OUT010,inf
FDK04,OUT018,inf
NCA41,OUT013,inf
FDD51,OUT017,inf
NCZ53,OUT045,inf
FDP01,OUT027,inf
FDY25,OUT049,inf
FDB17,OUT018,inf
NCV54,OUT018,inf
FDJ32,OUT017,inf
FDA37,OUT049,inf
FDG35,OUT035,inf
NCM05,OUT018,inf
FDG45,OUT046,inf
FDH28,OUT013,inf
NCE18,OUT049,inf
FDH38,OUT045,inf
FDR56,OUT013,inf
FDH17,OUT027,inf
FDD39,OUT049,inf
FDB41,OUT049,inf
NCR53,OUT046,inf
FDX46,OUT017,inf
FDV28,OUT049,inf
FDA08,OUT018,inf
FDH45,OUT017,inf
NCS38,OUT010,inf
FDD40,OUT010,inf
DRM59,OUT035,inf
NCJ43,OUT018,inf
NCN29,OUT013,inf
NCC19,OUT045,inf
FDR56,OUT035,inf
FDZ43,OUT049,inf
FDJ32,OUT010,inf
DRH03,OUT017,inf
NCZ54,OUT035,inf
FDE26,OUT017,inf
FDS03,OUT045,inf
DRZ24,OUT019,inf
FDO48,OUT027,inf
FDW39,OUT049,inf
NCK05,OUT049,inf
NCK30,OUT017,inf
FDT27,OUT018,inf
FDS08,OUT019,inf
NCJ19,OUT049,inf
FDC58,OUT045,inf
DRE37,OUT013,inf
FDW02,OUT035,inf
FDJ02,OUT010,inf
FDX09,OUT045,inf
FDT31,OUT010,inf
FDI24,OUT049,inf
FDY09,OUT045,inf
FDV28,OUT045,inf
DRM47,OUT049,inf
FDT52,OUT019,inf
FDI48,OUT018,inf
FDY55,OUT017,inf
FDU48,OUT013,inf
FDN25,OUT045,inf
FDP20,OUT049,inf
FDJ15,OUT013,inf
FDD04,OUT018,inf
FDY58,OUT045,inf
FDR37,OUT018,inf
FDF44,OUT013,inf
FDD32,OUT045,inf
FDR57,OUT017,inf
DRG39,OUT027,inf
FDX15,OUT017,inf
DRN37,OUT045,inf
FDW40,OUT027,inf
FDB32,OUT049,inf
FDM40,OUT018,inf
FDE39,OUT027,inf
DRH49,OUT017,inf
FDT46,OUT049,inf
NCF06,OUT035,inf
FDP07,OUT017,inf
FDC04,OUT013,inf
FDZ32,OUT017,inf
FDD50,OUT045,inf
FDU56,OUT017,inf
FDV34,OUT017,inf
NCY41,OUT013,inf
NCK18,OUT046,inf
DRH25,OUT049,inf
FDT57,OUT046,inf
FDV56,OUT018,inf
FDV12,OUT045,inf
FDN52,OUT017,inf
FDX38,OUT035,inf
FDE47,OUT018,inf
NCO07,OUT013,inf
FDV09,OUT027,inf
FDZ23,OUT019,inf
DRH51,OUT018,inf
NCY54,OUT045,inf
DRG49,OUT013,inf
NCC19,OUT049,inf
NCV53,OUT045,inf
FDZ47,OUT019,inf
NCO26,OUT018,inf
NCP02,OUT045,inf
NCW30,OUT018,inf
NCN55,OUT046,inf
FDB20,OUT010,inf
DRL11,OUT013,inf
DRD60,OUT045,inf
FDW14,OUT010,inf
FDL27,OUT010,inf
FDU09,OUT018,inf
DRH36,OUT027,inf
FDP34,OUT027,inf
FDE04,OUT017,inf
FDZ57,OUT027,inf
FDF02,OUT010,inf
FDG28,OUT045,inf
NCI31,OUT046,inf
FDT43,OUT013,inf
FDU20,OUT046,inf
FDD53,OUT013,inf
FDW15,OUT045,inf
NCT53,OUT045,inf
NCG55,OUT027,inf
FDD48,OUT035,inf
FDG47,OUT049,inf
FDI21,OUT017,inf
FDT27,OUT017,inf
DRO35,OUT013,inf
FDD33,OUT017,inf
FDC04,OUT035,inf
FDY34,OUT013,inf
DRJ49,OUT049,inf
FDE05,OUT049,inf
FDU31,OUT017,inf
NCN19,OUT027,inf
FDK56,OUT027,inf
FDK58,OUT017,inf
NCJ42,OUT035,inf
FDZ34,OUT027,inf
FDA52,OUT018,inf
NCR29,OUT013,inf
FDT48,OUT035,inf
DRJ51,OUT019,inf
NCS54,OUT046,inf
FDV01,OUT035,inf
DRG51,OUT027,inf
NCG42,OUT013,inf
FDA51,OUT049,inf
FDV19,OUT010,inf
NCT18,OUT045,inf
NCS41,OUT045,inf
FDO03,OUT046,inf
FDL12,OUT010,inf
FDY37,OUT010,inf
FDI58,OUT049,inf
FDT28,OUT018,inf
NCC42,OUT010,inf
FDO01,OUT017,inf
FDJ02,OUT013,inf
FDQ04,OUT018,inf
DRL47,OUT013,inf
FDZ32,OUT035,inf
FDC35,OUT035,inf
FDX14,OUT045,inf
FDZ35,OUT013,inf
FDL14,OUT013,inf
FDO04,OUT049,inf
DRK11,OUT017,inf
FDB44,OUT018,inf
FDZ50,OUT049,inf
FDI12,OUT027,inf
FDU43,OUT017,inf
FDD58,OUT010,inf
FDB27,OUT017,inf
FDB04,OUT018,inf
NCO17,OUT013,inf
FDL12,OUT017,inf
DRJ13,OUT049,inf
FDD57,OUT045,inf
FDW19,OUT035,inf
DRD27,OUT018,inf
FDH27,OUT027,inf
NCW30,OUT027,inf
FDR40,OUT018,inf
FDG05,OUT013,inf
NCY41,OUT019,inf
FDI38,OUT018,inf
FDR20,OUT046,inf
FDE09,OUT017,inf
FDN50,OUT019,inf
DRF27,OUT045,inf
DRF51,OUT013,inf
NCO02,OUT019,inf
FDB51,OUT027,inf
FDJ50,OUT013,inf
FDN52,OUT013,inf
FDX14,OUT013,inf
FDT27,OUT019,inf
FDV10,OUT013,inf
FDU33,OUT046,inf
FDU58,OUT046,inf
NCP42,OUT027,inf
FDL51,OUT027,inf
DRH15,OUT027,inf
FDU16,OUT017,inf
FDW15,OUT017,inf
FDQ44,OUT045,inf
NCI06,OUT027,inf
DRK23,OUT019,inf
FDC28,OUT035,inf
NCY17,OUT019,inf
NCV05,OUT018,inf
FDM34,OUT019,inf
DRD60,OUT027,inf
FDT38,OUT046,inf
FDQ57,OUT018,inf
FDE59,OUT027,inf
NCM43,OUT046,inf
DRI51,OUT049,inf
NCG30,OUT017,inf
NCK54,OUT035,inf
FDQ16,OUT019,inf
FDI36,OUT013,inf
FDX16,OUT027,inf
FDA34,OUT046,inf
FDJ48,OUT018,inf
FDU47,OUT035,inf
FDS39,OUT046,inf
FDD11,OUT046,inf
FDM16,OUT027,inf
FDU56,OUT018,inf
FDQ32,OUT017,inf
DRK35,OUT013,inf
FDA58,OUT049,inf
DRG48,OUT019,inf
FDT59,OUT010,inf
FDQ31,OUT019,inf
FDS51,OUT018,inf
FDW32,OUT027,inf
FDI15,OUT027,inf
NCV30,OUT017,inf
DRG25,OUT049,inf
FDT02,OUT013,inf
FDO33,OUT027,inf
FDP38,OUT035,inf
FDZ45,OUT035,inf
NCA54,OUT027,inf
FDU33,OUT017,inf
FDN58,OUT017,inf
FDI05,OUT045,inf
FDM57,OUT019,inf
NCS42,OUT027,inf
FDB57,OUT045,inf
FDC03,OUT045,inf
FDZ58,OUT013,inf
NCK29,OUT045,inf
NCR53,OUT045,inf
FDE26,OUT027,inf
FDU52,OUT049,inf
FDE41,OUT027,inf
FDU38,OUT018,inf
FDA52,OUT017,inf
FDW46,OUT046,inf
DRI59,OUT035,inf
FDT38,OUT035,inf
FDL33,OUT018,inf
FDQ01,OUT027,inf
FDJ08,OUT046,inf
FDQ47,OUT049,inf
NCZ18,OUT013,inf
FDE29,OUT017,inf
FDF10,OUT027,inf
FDC48,OUT049,inf
FDY58,OUT013,inf
NCX30,OUT010,inf
FDV11,OUT013,inf
FDT46,OUT046,inf
DRD01,OUT019,inf
FDQ11,OUT013,inf
NCM41,OUT017,inf
NCC55,OUT013,inf
FDG45,OUT027,inf
NCQ54,OUT049,inf
FDM34,OUT045,inf
FDD17,OUT019,inf
FDN38,OUT027,inf
FDB53,OUT018,inf
NCL06,OUT035,inf
NCV18,OUT019,inf
FDX25,OUT013,inf
FDB39,OUT046,inf
FDC33,OUT049,inf
NCO14,OUT018,inf
FDA58,OUT027,inf
NCQ02,OUT017,inf
NCR53,OUT017,inf
FDN52,OUT046,inf
FDG26,OUT046,inf
FDE23,OUT027,inf
DRI37,OUT013,inf
DRH37,OUT018,inf
FDO01,OUT035,inf
FDK45,OUT049,inf
FDP23,OUT049,inf
FDM33,OUT035,inf
FDD36,OUT017,inf
FDL56,OUT017,inf
FDT27,OUT010,inf
FDG52,OUT017,inf
NCL42,OUT035,inf
DRJ24,OUT046,inf
FDV38,OUT046,inf
FDT35,OUT045,inf
FDY51,OUT045,inf
FDC37,OUT017,inf
NCP43,OUT013,inf
FDO33,OUT045,inf
FDW04,OUT018,inf
NCC31,OUT046,inf
FDK22,OUT049,inf
FDJ50,OUT017,inf
FDV13,OUT017,inf
DRL60,OUT017,inf
FDW03,OUT017,inf
FDY27,OUT035,inf
FDB39,OUT027,inf
FDU59,OUT045,inf
FDZ57,OUT049,inf
FDO21,OUT049,inf
FDS43,OUT018,inf
FDU28,OUT010,inf
FDC51,OUT010,inf
FDW16,OUT010,inf
FDP32,OUT010,inf
FDB60,OUT019,inf
NCQ30,OUT046,inf
FDD26,OUT049,inf
FDI44,OUT045,inf
DRH23,OUT046,inf
FDO44,OUT046,inf
FDG04,OUT046,inf
FDM32,OUT027,inf
FDM09,OUT013,inf
FDZ47,OUT013,inf
FDM40,OUT027,inf
FDY48,OUT017,inf
NCM30,OUT045,inf
FDX36,OUT010,inf
DRF03,OUT017,inf
FDN51,OUT049,inf
FDM57,OUT049,inf
FDB35,OUT049,inf
FDY13,OUT027,inf
FDA37,OUT017,inf
NCX53,OUT017,inf
FDD59,OUT018,inf
FDX10,OUT019,inf
FDC03,OUT018,inf
FDW43,OUT035,inf
FDW10,OUT046,inf
FDY14,OUT027,inf
FDV43,OUT045,inf
FDO40,OUT013,inf
FDP46,OUT027,inf
NCE43,OUT019,inf
FDD05,OUT035,inf
FDJ60,OUT010,inf
DRE27,OUT018,inf
FDO11,OUT035,inf
DRG11,OUT027,inf
FDK33,OUT010,inf
DRM23,OUT045,inf
FDJ02,OUT027,inf
NCZ05,OUT045,inf
NCL30,OUT013,inf
FDZ19,OUT018,inf
FDM45,OUT049,inf
FDO36,OUT046,inf
NCK31,OUT045,inf
DRJ37,OUT045,inf
FDP24,OUT018,inf
FDF46,OUT013,inf
FDX46,OUT019,inf
NCL18,OUT045,inf
FDJ26,OUT013,inf
FDJ07,OUT045,inf
FDY15,OUT013,inf
DRG01,OUT045,inf
FDF58,OUT045,inf
FDZ14,OUT019,inf
FDP31,OUT049,inf
FDH45,OUT013,inf
FDA09,OUT010,inf
FDW31,OUT035,inf
FDA57,OUT046,inf
NCE55,OUT035,inf
FDC17,OUT019,inf
FDC59,OUT013,inf
FDA22,OUT013,inf
FDK52,OUT035,inf
NCM26,OUT046,inf
NCT53,OUT035,inf
FDW45,OUT018,inf
NCI18,OUT035,inf
FDE38,OUT018,inf
FDF08,OUT019,inf
FDY58,OUT010,inf
FDF58,OUT019,inf
FDX39,OUT017,inf
FDB44,OUT049,inf
FDF28,OUT013,inf
FDE39,OUT013,inf
FDT37,OUT018,inf
FDZ45,OUT017,inf
FDO40,OUT035,inf
FDM57,OUT027,inf
DRG36,OUT017,inf
FDY36,OUT010,inf
DRL60,OUT027,inf
FDS25,OUT019,inf
DRF49,OUT027,inf
FDP16,OUT045,inf
FDS60,OUT049,inf
FDU15,OUT027,inf
FDK43,OUT046,inf
FDN25,OUT046,inf
FDE53,OUT049,inf
FDB22,OUT013,inf
FDE39,OUT017,inf
FDX35,OUT035,inf
NCG54,OUT049,inf
FDH27,OUT035,inf
NCK42,OUT013,inf
FDS25,OUT049,inf
FDI10,OUT018,inf
FDU35,OUT035,inf
FDI04,OUT017,inf
DRK23,OUT035,inf
FDB53,OUT019,inf
FDY02,OUT049,inf
FDM60,OUT035,inf
NCJ31,OUT010,inf
DRP35,OUT017,inf
NCQ30,OUT018,inf
DRL11,OUT010,inf
FDU01,OUT013,inf
FDR39,OUT035,inf
FDO08,OUT046,inf
FDC02,OUT045,inf
NCZ29,OUT035,inf
FDF29,OUT010,inf
FDZ23,OUT017,inf
NCU53,OUT018,inf
NCW30,OUT013,inf
NCM26,OUT027,inf
FDV50,OUT027,inf
FDW15,OUT049,inf
FDI35,OUT027,inf
FDO11,OUT017,inf
FDN48,OUT046,inf
NCA17,OUT049,inf
NCN54,OUT013,inf
FDP22,OUT013,inf
NCB54,OUT035,inf
FDD08,OUT045,inf
DRM48,OUT010,inf
FDG41,OUT027,inf
FDE44,OUT027,inf
FDE26,OUT035,inf
NCS38,OUT013,inf
NCJ54,OUT018,inf
FDI40,OUT019,inf
FDN45,OUT018,inf
FDU43,OUT046,inf
FDI04,OUT010,inf
NCC07,OUT018,inf
NCC07,OUT019,inf
NCD18,OUT045,inf
FDU55,OUT035,inf
FDX59,OUT035,inf
FDR52,OUT049,inf
NCP17,OUT013,inf
FDQ32,OUT045,inf
NCT17,OUT049,inf
FDO10,OUT049,inf
FDE32,OUT049,inf
FDN44,OUT045,inf
FDH02,OUT035,inf
FDK60,OUT013,inf
FDS24,OUT019,inf
FDL03,OUT010,inf
FDB46,OUT027,inf
FDO48,OUT049,inf
FDZ39,OUT049,inf
FDT02,OUT027,inf
FDC50,OUT013,inf
FDP39,OUT035,inf
DRG15,OUT018,inf
FDP10,OUT018,inf
FDF53,OUT027,inf
FDN34,OUT045,inf
FDK02,OUT045,inf
FDC23,OUT045,inf
FDJ10,OUT019,inf
FDE53,OUT035,inf
FDR25,OUT035,inf
FDW50,OUT046,inf
FDS09,OUT049,inf
FDW49,OUT010,inf
FDU51,OUT046,inf
FDF28,OUT018,inf
NCY30,OUT018,inf
FDD44,OUT045,inf
FDX09,OUT017,inf
NCF30,OUT013,inf
FDZ50,OUT019,inf
FDW37,OUT013,inf
FDD11,OUT049,inf
DRH39,OUT018,inf
FDA36,OUT049,inf
NCG43,OUT049,inf
FDF02,OUT035,inf
FDP57,OUT027,inf
NCE42,OUT017,inf
NCR38,OUT027,inf
FDP03,OUT019,inf
FDO51,OUT035,inf
NCQ42,OUT046,inf
NCM41,OUT046,inf
FDH48,OUT027,inf
DRF60,OUT046,inf
FDJ27,OUT035,inf
FDQ14,OUT013,inf
FDN27,OUT017,inf
NCQ02,OUT046,inf
FDJ33,OUT049,inf
FDP07,OUT027,inf
DRE01,OUT049,inf
FDU36,OUT045,inf
FDL28,OUT017,inf
NCX53,OUT046,inf
FDZ39,OUT013,inf
NCP42,OUT013,inf
FDJ14,OUT035,inf
FDK04,OUT049,inf
NCC19,OUT017,inf
FDS09,OUT018,inf
FDZ02,OUT046,inf
FDD35,OUT018,inf
NCY42,OUT017,inf
FDB05,OUT045,inf
FDF20,OUT035,inf
NCO41,OUT018,inf
FDC40,OUT027,inf
FDV58,OUT045,inf
FDZ57,OUT045,inf
DRM35,OUT046,inf
DRN36,OUT018,inf
FDQ13,OUT046,inf
DRO35,OUT010,inf
NCD43,OUT035,inf
FDA51,OUT018,inf
NCX17,OUT027,inf
NCZ17,OUT049,inf
FDR11,OUT027,inf
FDW34,OUT049,inf
FDN50,OUT017,inf
FDS09,OUT046,inf
FDS48,OUT018,inf
FDL44,OUT049,inf
DRF48,OUT018,inf
FDA14,OUT018,inf
NCD30,OUT049,inf
FDI16,OUT017,inf
NCG06,OUT035,inf
DRZ24,OUT035,inf
NCS17,OUT045,inf
FDB37,OUT045,inf
FDE10,OUT035,inf
FDC57,OUT045,inf
FDM12,OUT018,inf
FDE24,OUT049,inf
FDW22,OUT045,inf
DRD01,OUT027,inf
NCZ18,OUT027,inf
FDN49,OUT045,inf
FDR22,OUT035,inf
FDV08,OUT019,inf
FDY39,OUT046,inf
FDV36,OUT049,inf
FDO60,OUT045,inf
FDU04,OUT027,inf
FDR20,OUT027,inf
FDW19,OUT019,inf
FDU40,OUT049,inf
FDK15,OUT045,inf
DRF15,OUT035,inf
FDQ25,OUT017,inf
FDI48,OUT019,inf
FDS49,OUT046,inf
FDV22,OUT046,inf
NCV42,OUT046,inf
FDX26,OUT046,inf
FDI33,OUT018,inf
FDZ14,OUT049,inf
FDG10,OUT013,inf
FDM38,OUT018,inf
FDG26,OUT027,inf
FDH46,OUT035,inf
FDN13,OUT018,inf
FDU57,OUT035,inf
NCI06,OUT046,inf
FDM38,OUT045,inf
NCG42,OUT010,inf
FDL39,OUT045,inf
FDT31,OUT019,inf
FDV59,OUT013,inf
FDB49,OUT035,inf
FDD58,OUT049,inf
DRN59,OUT046,inf
FDX48,OUT049,inf
FDQ11,OUT049,inf
FDY12,OUT049,inf
FDQ11,OUT045,inf
DRI11,OUT017,inf
FDY32,OUT027,inf
FDS51,OUT045,inf
FDR19,OUT010,inf
DRB13,OUT018,inf
FDS21,OUT035,inf
FDQ40,OUT045,inf
NCE55,OUT013,inf
FDX43,OUT027,inf
FDS12,OUT049,inf
DRK01,OUT027,inf
FDN25,OUT017,inf
FDB60,OUT046,inf
FDQ13,OUT017,inf
DRK13,OUT045,inf
DRF25,OUT018,inf
NCD42,OUT019,inf
FDW25,OUT045,inf
NCV29,OUT027,inf
NCK42,OUT035,inf
DRJ13,OUT027,inf
DRD15,OUT017,inf
FDM27,OUT045,inf
FDZ50,OUT018,inf
FDC04,OUT046,inf
FDF50,OUT049,inf
FDP15,OUT045,inf
FDK46,OUT035,inf
FDZ56,OUT018,inf
FDY60,OUT049,inf
FDB10,OUT035,inf
FDR57,OUT045,inf
FDU58,OUT049,inf
FDH02,OUT046,inf
FDP48,OUT013,inf
FDI46,OUT035,inf
FDW56,OUT013,inf
NCM19,OUT010,inf
FDS50,OUT027,inf
FDK24,OUT013,inf
FDO36,OUT017,inf
FDK45,OUT027,inf
NCL05,OUT045,inf
FDL32,OUT018,inf
FDA28,OUT049,inf
FDY36,OUT018,inf
FDP32,OUT018,inf
FDL50,OUT046,inf
DRC24,OUT049,inf
NCS18,OUT017,inf
FDD16,OUT017,inf
NCV18,OUT013,inf
FDX07,OUT046,inf
NCZ05,OUT027,inf
NCI31,OUT013,inf
FDK14,OUT049,inf
NCR06,OUT045,inf
NCF54,OUT049,inf
DRG23,OUT010,inf
FDD53,OUT046,inf
NCM31,OUT027,inf
FDT16,OUT017,inf
FDR40,OUT035,inf
DRG25,OUT017,inf
FDT10,OUT035,inf
FDY32,OUT013,inf
FDN50,OUT035,inf
FDZ35,OUT019,inf
NCP54,OUT045,inf
NCD07,OUT035,inf
FDS02,OUT018,inf
DRN59,OUT018,inf
DRB24,OUT013,inf
FDP37,OUT027,inf
DRB01,OUT018,inf
FDR47,OUT046,inf
NCM31,OUT010,inf
NCF06,OUT027,inf
NCV17,OUT027,inf
FDS10,OUT049,inf
FDN52,OUT035,inf
FDZ48,OUT013,inf
FDJ48,OUT049,inf
DRB13,OUT027,inf
FDV59,OUT017,inf
FDL32,OUT035,inf
FDZ12,OUT035,inf
NCR06,OUT027,inf
FDP51,OUT017,inf
FDY22,OUT013,inf
FDZ38,OUT049,inf
NCO54,OUT035,inf
FDR23,OUT035,inf
FDM38,OUT049,inf
FDS25,OUT013,inf
FDZ22,OUT013,inf
FDZ20,OUT019,inf
FDD45,OUT010,inf
FDN03,OUT049,inf
NCW30,OUT046,inf
FDY24,OUT027,inf
FDJ26,OUT019,inf
FDM15,OUT049,inf
NCW54,OUT027,inf
FDA23,OUT045,inf
FDA39,OUT019,inf
FDZ12,OUT017,inf
NCB42,OUT046,inf
FDL16,OUT046,inf
FDO24,OUT019,inf
NCP42,OUT046,inf
FDR19,OUT018,inf
DRL01,OUT045,inf
FDV37,OUT046,inf
FDI41,OUT010,inf
FDF58,OUT049,inf
NCF43,OUT018,inf
FDN02,OUT049,inf
NCP41,OUT035,inf
NCY17,OUT027,inf
FDL58,OUT027,inf
NCA30,OUT027,inf
FDE46,OUT018,inf
FDY38,OUT035,inf
NCH29,OUT027,inf
FDO20,OUT045,inf
FDP44,OUT018,inf
FDM02,OUT027,inf
FDJ14,OUT027,inf
FDH04,OUT010,inf
DRK23,OUT046,inf
NCW05,OUT046,inf
FDF12,OUT049,inf
FDL51,OUT019,inf
FDN03,OUT018,inf
DRJ37,OUT049,inf
FDM12,OUT019,inf
FDA16,OUT045,inf
NCB07,OUT017,inf
NCI17,OUT019,inf
FDR51,OUT046,inf
FDJ55,OUT045,inf
NCZ17,OUT013,inf
FDU25,OUT013,inf
NCG18,OUT045,inf
DRM11,OUT017,inf
FDH16,OUT035,inf
FDZ04,OUT018,inf
NCX53,OUT035,inf
FDX38,OUT027,inf
FDX09,OUT046,inf
NCW05,OUT018,inf
NCS41,OUT017,inf
FDI26,OUT046,inf
NCZ41,OUT027,inf
NCK06,OUT046,inf
FDX23,OUT027,inf
NCA42,OUT046,inf
FDC20,OUT049,inf
DRC49,OUT018,inf
FDX01,OUT013,inf
FDC08,OUT045,inf
FDC02,OUT017,inf
FDK10,OUT045,inf
DRC24,OUT013,inf
FDW16,OUT019,inf
NCU06,OUT018,inf
DRA59,OUT045,inf
FDR24,OUT019,inf
DRL35,OUT018,inf
FDA49,OUT013,inf
NCC55,OUT046,inf
DRD24,OUT019,inf
NCE55,OUT049,inf
FDT33,OUT045,inf
NCT53,OUT013,inf
FDS26,OUT046,inf
FDL22,OUT018,inf
FDP44,OUT017,inf
FDC52,OUT018,inf
FDI53,OUT010,inf
FDZ23,OUT046,inf
NCT18,OUT013,inf
FDR13,OUT046,inf
FDB09,OUT010,inf
FDZ60,OUT013,inf
FDB11,OUT046,inf
FDC10,OUT018,inf
FDW56,OUT035,inf
FDK14,OUT027,inf
DRE27,OUT027,inf
FDA38,OUT017,inf
FDT11,OUT045,inf
FDP15,OUT035,inf
FDV27,OUT035,inf
FDS36,OUT027,inf
FDY40,OUT027,inf
NCF19,OUT049,inf
FDF53,OUT045,inf
FDS14,OUT027,inf
FDE56,OUT046,inf
FDZ19,OUT035,inf
FDZ46,OUT013,inf
FDR16,OUT046,inf
FDG29,OUT018,inf
NCE30,OUT017,inf
FDZ40,OUT046,inf
FDG58,OUT018,inf
DRH03,OUT013,inf
FDZ47,OUT045,inf
FDV04,OUT018,inf
FDZ10,OUT018,inf
FDG46,OUT017,inf
NCF07,OUT045,inf
FDY44,OUT035,inf
FDB21,OUT013,inf
FDS20,OUT035,inf
FDS49,OUT049,inf
FDX55,OUT027,inf
NCQ02,OUT018,inf
FDR25,OUT013,inf
DRG39,OUT045,inf
FDB46,OUT046,inf
NCC30,OUT018,inf
FDE58,OUT035,inf
FDC05,OUT019,inf
FDY15,OUT046,inf
FDG14,OUT046,inf
FDL08,OUT049,inf
FDQ47,OUT013,inf
FDN12,OUT035,inf
FDW10,OUT013,inf
FDD02,OUT035,inf
FDX35,OUT010,inf
FDT35,OUT046,inf
DRN47,OUT019,inf
FDB11,OUT010,inf
FDN20,OUT045,inf
FDB59,OUT035,inf
FDJ58,OUT045,inf
FDU60,OUT046,inf
FDS03,OUT049,inf
FDU40,OUT019,inf
DRH15,OUT049,inf
FDD04,OUT027,inf
FDQ01,OUT046,inf
FDF28,OUT035,inf
FDD22,OUT010,inf
FDY19,OUT046,inf
FDN33,OUT035,inf
FDV36,OUT035,inf
FDW01,OUT010,inf
FDJ28,OUT049,inf
FDB17,OUT035,inf
FDM40,OUT049,inf
FDV46,OUT045,inf
FDQ44,OUT049,inf
NCD42,OUT046,inf
DRH37,OUT046,inf
FDR10,OUT018,inf
NCD06,OUT027,inf
FDI53,OUT046,inf
FDG16,OUT035,inf
DRB25,OUT046,inf
FDY09,OUT046,inf
FDX48,OUT045,inf
FDC03,OUT010,inf
FDT47,OUT035,inf
FDW44,OUT027,inf
FDT24,OUT017,inf
FDT12,OUT019,inf
NCS38,OUT035,inf
FDO39,OUT035,inf
FDA13,OUT046,inf
FDO48,OUT035,inf
DRJ01,OUT017,inf
FDD53,OUT018,inf
NCT05,OUT049,inf
FDQ51,OUT045,inf
FDU60,OUT013,inf
FDC59,OUT046,inf
FDP36,OUT035,inf
NCM19,OUT017,inf
FDL16,OUT035,inf
FDE50,OUT018,inf
NCR18,OUT013,inf
NCD30,OUT035,inf
FDH31,OUT013,inf
FDD56,OUT019,inf
FDC47,OUT049,inf
FDZ21,OUT045,inf
FDM01,OUT049,inf
FDF24,OUT013,inf
FDW23,OUT017,inf
FDY52,OUT018,inf
DRH37,OUT027,inf
DRO47,OUT027,inf
FDR25,OUT049,inf
FDQ24,OUT027,inf
DRJ51,OUT018,inf
NCU06,OUT035,inf
NCV18,OUT018,inf
NCC06,OUT027,inf
FDZ01,OUT018,inf
FDT14,OUT017,inf
FDD11,OUT019,inf
FDN09,OUT017,inf
NCO18,OUT010,inf
FDZ50,OUT045,inf
FDS44,OUT013,inf
FDI36,OUT045,inf
FDA26,OUT010,inf
NCY53,OUT049,inf
FDF32,OUT049,inf
FDF59,OUT010,inf
FDB20,OUT046,inf
DRH11,OUT035,inf
FDT03,OUT049,inf
NCH06,OUT035,inf
FDR55,OUT049,inf
FDI10,OUT035,inf
FDZ12,OUT045,inf
FDM12,OUT049,inf
DRB25,OUT045,inf
NCS41,OUT013,inf
NCT53,OUT049,inf
NCD55,OUT013,inf
FDY08,OUT049,inf
NCP55,OUT049,inf
FDA33,OUT013,inf
FDQ33,OUT013,inf
FDE45,OUT027,inf
FDT26,OUT013,inf
NCV53,OUT049,inf
FDK60,OUT027,inf
NCJ29,OUT046,inf
FDI15,OUT045,inf
FDX21,OUT013,inf
FDV49,OUT019,inf
DRO59,OUT046,inf
FDZ14,OUT045,inf
FDP32,OUT027,inf
FDC33,OUT017,inf
FDT14,OUT010,inf
NCN54,OUT027,inf
FDR57,OUT027,inf
DRK12,OUT046,inf
FDX52,OUT049,inf
FDX08,OUT010,inf
FDP10,OUT010,inf
NCP50,OUT045,inf
NCL06,OUT013,inf
FDP25,OUT013,inf
FDE53,OUT013,inf
FDL27,OUT017,inf
FDC35,OUT049,inf
DRJ47,OUT010,inf
FDD16,OUT018,inf
NCN42,OUT049,inf
FDC38,OUT027,inf
NCO07,OUT045,inf
FDQ20,OUT049,inf
FDI32,OUT046,inf
FDN20,OUT010,inf
DRJ51,OUT027,inf
FDU08,OUT045,inf
DRN37,OUT019,inf
FDD05,OUT010,inf
FDW15,OUT046,inf
FDI52,OUT046,inf
DRM11,OUT049,inf
NCO06,OUT045,inf
FDU38,OUT049,inf
FDU59,OUT018,inf
FDJ10,OUT046,inf
FDM13,OUT049,inf
NCJ30,OUT019,inf
FDM45,OUT018,inf
FDP36,OUT045,inf
NCD30,OUT010,inf
FDN48,OUT017,inf
FDY32,OUT049,inf
FDU47,OUT046,inf
FDF17,OUT019,inf
FDP34,OUT017,inf
FDA47,OUT049,inf
DRD27,OUT027,inf
FDW38,OUT045,inf
FDZ15,OUT019,inf
FDZ03,OUT027,inf
NCN19,OUT049,inf
FDG02,OUT035,inf
FDS31,OUT035,inf
FDW43,OUT019,inf
FDZ47,OUT010,inf
FDO57,OUT017,inf
NCL07,OUT013,inf
NCV42,OUT013,inf
FDP40,OUT017,inf
FDP48,OUT019,inf
FDH21,OUT017,inf
NCP02,OUT049,inf
FDK24,OUT049,inf
FDC41,OUT045,inf
FDF08,OUT017,inf
FDO49,OUT017,inf
FDS56,OUT027,inf
FDX46,OUT018,inf
FDQ07,OUT013,inf
FDC32,OUT010,inf
FDT21,OUT019,inf
FDG58,OUT045,inf
FDW14,OUT049,inf
DRA12,OUT027,inf
FDV27,OUT013,inf
DRD25,OUT013,inf
DRF48,OUT027,inf
FDX24,OUT017,inf
DRJ51,OUT046,inf
FDE45,OUT045,inf
FDE14,OUT046,inf
FDG53,OUT045,inf
FDT08,OUT046,inf
DRC27,OUT027,inf
FDG20,OUT035,inf
FDC21,OUT046,inf
FDV31,OUT018,inf
FDB58,OUT045,inf
FDV23,OUT046,inf
FDA25,OUT019,inf
FDC15,OUT046,inf
FDU47,OUT049,inf
FDE23,OUT013,inf
FDS08,OUT013,inf
FDW03,OUT027,inf
FDJ60,OUT018,inf
FDM34,OUT017,inf
FDW33,OUT013,inf
FDZ40,OUT013,inf
FDE33,OUT018,inf
NCC06,OUT010,inf
FDU11,OUT046,inf
FDL44,OUT017,inf
NCZ29,OUT017,inf
FDG28,OUT010,inf
FDL12,OUT018,inf
FDD52,OUT017,inf
FDO15,OUT013,inf
NCN29,OUT027,inf
FDW36,OUT013,inf
FDB21,OUT046,inf
FDZ28,OUT013,inf
FDY10,OUT035,inf
DRG39,OUT017,inf
FDN28,OUT013,inf
FDV15,OUT035,inf
DRI13,OUT035,inf
FDH20,OUT046,inf
FDY51,OUT013,inf
FDE16,OUT013,inf
FDX40,OUT018,inf
FDC48,OUT018,inf
FDS14,OUT046,inf
FDX56,OUT017,inf
FDI10,OUT046,inf
FDI14,OUT013,inf
DRM48,OUT013,inf
NCH07,OUT027,inf
FDY26,OUT013,inf
FDD02,OUT027,inf
FDM12,OUT046,inf
DRF01,OUT010,inf
FDV36,OUT046,inf
DRI59,OUT013,inf
FDV03,OUT018,inf
FDO39,OUT017,inf
NCB07,OUT018,inf
FDH38,OUT027,inf
FDZ13,OUT035,inf
NCZ30,OUT046,inf
NCA06,OUT035,inf
FDB04,OUT049,inf
FDN50,OUT013,inf
NCG06,OUT049,inf
NCY17,OUT018,inf
FDC23,OUT046,inf
FDK33,OUT049,inf
FDR03,OUT049,inf
FDZ07,OUT045,inf
FDO38,OUT013,inf
FDS59,OUT046,inf
DRM11,OUT019,inf
FDX52,OUT027,inf
DRJ35,OUT018,inf
NCP53,OUT046,inf
FDW15,OUT019,inf
DRI47,OUT045,inf
DRZ11,OUT035,inf
FDS02,OUT013,inf
DRD49,OUT018,inf
FDW38,OUT049,inf
FDR21,OUT019,inf
FDE40,OUT013,inf
FDI02,OUT045,inf
FDQ04,OUT045,inf
FDY14,OUT017,inf
NCT54,OUT046,inf
DRD25,OUT017,inf
DRE01,OUT045,inf
FDJ12,OUT010,inf
NCZ05,OUT049,inf
DRB25,OUT019,inf
NCC31,OUT045,inf
FDM16,OUT045,inf
DRG11,OUT049,inf
FDV24,OUT027,inf
FDV43,OUT046,inf
FDG05,OUT018,inf
FDV23,OUT010,inf
FDI58,OUT018,inf
FDQ11,OUT017,inf
FDC05,OUT027,inf
FDF40,OUT013,inf
FDU02,OUT018,inf
FDT32,OUT013,inf
NCF06,OUT017,inf
FDT46,OUT013,inf
FDR58,OUT010,inf
FDY04,OUT046,inf
FDT58,OUT045,inf
FDE46,OUT049,inf
DRH11,OUT017,inf
DRI51,OUT046,inf
FDC35,OUT017,inf
FDP45,OUT035,inf
FDC45,OUT017,inf
FDU01,OUT045,inf
FDJ53,OUT010,inf
FDJ46,OUT017,inf
FDX07,OUT013,inf
NCI30,OUT049,inf
FDE47,OUT027,inf
FDV48,OUT045,inf
FDN16,OUT019,inf
FDM52,OUT013,inf
FDA32,OUT027,inf
FDH05,OUT017,inf
FDW25,OUT010,inf
FDQ09,OUT046,inf
NCM17,OUT010,inf
DRM59,OUT046,inf
FDV47,OUT027,inf
DRE15,OUT035,inf
FDS25,OUT010,inf
NCZ05,OUT018,inf
NCV05,OUT019,inf
DRM37,OUT046,inf
FDV58,OUT027,inf
FDN22,OUT027,inf
NCO06,OUT049,inf
FDT56,OUT019,inf
FDM02,OUT013,inf
FDA09,OUT046,inf
NCC06,OUT035,inf
NCL54,OUT049,inf
NCB55,OUT017,inf
FDB12,OUT017,inf
NCA54,OUT049,inf
NCS38,OUT049,inf
FDC02,OUT049,inf
FDK44,OUT019,inf
FDE16,OUT035,inf
NCS05,OUT035,inf
FDZ59,OUT045,inf
FDI20,OUT017,inf
FDQ14,OUT046,inf
FDF53,OUT017,inf
FDW25,OUT017,inf
NCQ43,OUT010,inf
FDX52,OUT013,inf
FDE28,OUT045,inf
FDN15,OUT017,inf
FDO28,OUT017,inf
FDQ33,OUT045,inf
FDM22,OUT010,inf
FDJ03,OUT017,inf
FDI16,OUT045,inf
FDI09,OUT027,inf
FDX55,OUT013,inf
FDS23,OUT027,inf
DRC12,OUT045,inf
FDH41,OUT049,inf
FDN01,OUT013,inf
FDV55,OUT045,inf
NCJ19,OUT013,inf
NCY29,OUT010,inf
FDP03,OUT018,inf
FDZ52,OUT045,inf
FDH31,OUT010,inf
FDQ19,OUT018,inf
FDS15,OUT035,inf
FDN32,OUT017,inf
FDH32,OUT049,inf
FDF33,OUT017,inf
FDJ22,OUT046,inf
FDG56,OUT010,inf
FDC05,OUT046,inf
FDK09,OUT013,inf
NCV29,OUT045,inf
NCC43,OUT019,inf
NCA42,OUT049,inf
FDC10,OUT046,inf
FDC16,OUT013,inf
NCL17,OUT013,inf
FDA51,OUT035,inf
FDW01,OUT017,inf
NCF30,OUT045,inf
FDN49,OUT013,inf
FDY20,OUT045,inf
FDC15,OUT045,inf
FDY24,OUT046,inf
NCG43,OUT017,inf
FDA48,OUT013,inf
NCF55,OUT017,inf
FDL38,OUT049,inf
NCQ29,OUT018,inf
FDC34,OUT017,inf
FDP36,OUT027,inf
FDN50,OUT010,inf
FDO23,OUT049,inf
FDT56,OUT013,inf
FDT13,OUT027,inf
FDZ03,OUT013,inf
FDQ03,OUT010,inf
FDU44,OUT045,inf
FDD03,OUT049,inf
NCH30,OUT013,inf
FDS60,OUT010,inf
FDG08,OUT046,inf
FDX38,OUT017,inf
FDD22,OUT017,inf
FDW51,OUT013,inf
FDL09,OUT017,inf
FDZ60,OUT045,inf
NCH07,OUT046,inf
NCQ41,OUT049,inf
FDW04,OUT049,inf
FDI08,OUT027,inf
FDR19,OUT019,inf
FDV13,OUT046,inf
FDB52,OUT017,inf
FDZ48,OUT027,inf
NCO14,OUT049,inf
FDZ50,OUT013,inf
FDN27,OUT019,inf
FDQ60,OUT013,inf
FDR49,OUT017,inf
DRJ35,OUT027,inf
DRI49,OUT017,inf
FDB47,OUT017,inf
FDP37,OUT010,inf
FDR26,OUT049,inf
FDY31,OUT019,inf
FDC11,OUT045,inf
DRP47,OUT035,inf
NCY54,OUT018,inf
FDR27,OUT046,inf
FDQ21,OUT019,inf
NCQ29,OUT035,inf
FDJ02,OUT046,inf
FDE21,OUT018,inf
FDM39,OUT046,inf
FDZ01,OUT017,inf
NCB19,OUT018,inf
FDU03,OUT046,inf
FDP27,OUT049,inf
DRF01,OUT045,inf
FDM03,OUT049,inf
FDV01,OUT046,inf
FDS16,OUT046,inf
FDO45,OUT035,inf
NCX06,OUT035,inf
FDP13,OUT046,inf
NCR38,OUT018,inf
FDA01,OUT013,inf
FDT26,OUT017,inf
FDD44,OUT027,inf
FDB26,OUT013,inf
FDP45,OUT019,inf
NCP55,OUT046,inf
FDT23,OUT017,inf
FDO51,OUT045,inf
FDA44,OUT046,inf
NCJ31,OUT018,inf
FDX37,OUT045,inf
NCD18,OUT049,inf
FDN40,OUT027,inf
FDL33,OUT017,inf
DRF48,OUT035,inf
FDW08,OUT035,inf
FDX39,OUT018,inf
FDB38,OUT049,inf
FDY46,OUT018,inf
NCB06,OUT049,inf
FDA34,OUT035,inf
FDA35,OUT045,inf
FDQ07,OUT035,inf
FDU32,OUT045,inf
FDU26,OUT013,inf
FDU13,OUT010,inf
FDO09,OUT035,inf
FDW03,OUT019,inf
FDB38,OUT013,inf
FDL26,OUT010,inf
NCN43,OUT045,inf
FDH08,OUT045,inf
NCC31,OUT019,inf
FDH14,OUT035,inf
FDL40,OUT017,inf
FDD20,OUT035,inf
NCV53,OUT035,inf
FDD16,OUT045,inf
FDP24,OUT035,inf
FDQ25,OUT045,inf
FDM38,OUT035,inf
NCT18,OUT010,inf
FDM34,OUT049,inf
DRH37,OUT010,inf
NCE07,OUT013,inf
FDG12,OUT013,inf
FDB59,OUT010,inf
FDS10,OUT018,inf
FDN21,OUT010,inf
FDM02,OUT045,inf
FDO44,OUT049,inf
NCN17,OUT017,inf
FDH16,OUT018,inf
FDL44,OUT046,inf
FDY47,OUT017,inf
DRI39,OUT046,inf
NCX54,OUT018,inf
FDE59,OUT046,inf
FDO46,OUT045,inf
DRE13,OUT046,inf
FDW14,OUT013,inf
FDF35,OUT046,inf
FDO50,OUT019,inf
DRF49,OUT017,inf
FDT60,OUT049,inf
FDP38,OUT045,inf
FDA31,OUT027,inf
FDY52,OUT010,inf
FDD03,OUT027,inf
FDN52,OUT018,inf
FDU20,OUT010,inf
FDD22,OUT035,inf
NCB55,OUT019,inf
FDN27,OUT045,inf
FDD16,OUT013,inf
FDW48,OUT046,inf
DRN35,OUT045,inf
FDX25,OUT049,inf
DRD49,OUT049,inf
FDE21,OUT019,inf
FDN44,OUT035,inf
DRC01,OUT049,inf
NCK30,OUT046,inf
FDU39,OUT013,inf
FDB49,OUT013,inf
FDS12,OUT045,inf
FDR57,OUT018,inf
FDX22,OUT027,inf
FDC60,OUT013,inf
NCE42,OUT049,inf
NCK42,OUT049,inf
DRE01,OUT017,inf
FDE57,OUT018,inf
DRK59,OUT019,inf
FDB10,OUT027,inf
FDQ25,OUT046,inf
FDY26,OUT017,inf
FDG28,OUT049,inf
FDM14,OUT049,inf
NCH29,OUT049,inf
FDD48,OUT049,inf
FDC17,OUT045,inf
DRH49,OUT027,inf
FDN44,OUT018,inf
FDC29,OUT045,inf
DRK01,OUT019,inf
FDD48,OUT017,inf
FDB59,OUT013,inf
FDY45,OUT010,inf
FDX60,OUT035,inf
FDT09,OUT010,inf
DRB24,OUT018,inf
FDL13,OUT035,inf
FDN16,OUT035,inf
FDK57,OUT013,inf
FDO22,OUT027,inf
FDC57,OUT010,inf
FDZ13,OUT027,inf
FDW27,OUT013,inf
FDX10,OUT049,inf
FDY08,OUT018,inf
FDA49,OUT017,inf
FDC32,OUT018,inf
FDO04,OUT035,inf
NCZ54,OUT013,inf
FDY40,OUT045,inf
FDW36,OUT045,inf
FDE11,OUT017,inf
DRE37,OUT045,inf
NCK19,OUT017,inf
FDT19,OUT035,inf
FDE56,OUT045,inf
FDZ57,OUT010,inf
FDB35,OUT035,inf
FDF09,OUT010,inf
FDO34,OUT046,inf
FDA55,OUT046,inf
NCM18,OUT035,inf
FDJ20,OUT019,inf
DRQ35,OUT019,inf
FDG02,OUT013,inf
NCU29,OUT018,inf
FDL27,OUT027,inf
NCA54,OUT035,inf
FDJ32,OUT035,inf
FDB21,OUT019,inf
FDR46,OUT035,inf
FDZ32,OUT046,inf
DRF36,OUT017,inf
NCU54,OUT017,inf
NCI31,OUT017,inf
DRA59,OUT035,inf
NCC55,OUT045,inf
FDE44,OUT018,inf
NCN26,OUT018,inf
FDC11,OUT049,inf
FDV24,OUT035,inf
FDR40,OUT019,inf
NCQ17,OUT049,inf
FDC46,OUT045,inf
NCM18,OUT046,inf
FDK16,OUT046,inf
FDI28,OUT017,inf
FDS11,OUT018,inf
DRD13,OUT046,inf
FDL36,OUT035,inf
FDI27,OUT013,inf
FDJ53,OUT019,inf
FDS44,OUT045,inf
FDE28,OUT046,inf
FDQ33,OUT018,inf
FDB37,OUT017,inf
FDQ31,OUT045,inf
NCQ05,OUT046,inf
FDE10,OUT013,inf
FDF38,OUT017,inf
FDE50,OUT019,inf
DRG37,OUT010,inf
NCH06,OUT049,inf
FDY14,OUT045,inf
FDO27,OUT017,inf
FDQ19,OUT049,inf
FDZ26,OUT019,inf
FDN51,OUT013,inf
FDK20,OUT035,inf
FDD40,OUT018,inf
DRI25,OUT018,inf
FDH56,OUT017,inf
FDI36,OUT027,inf
DRH11,OUT018,inf
NCV18,OUT017,inf
DRI01,OUT049,inf
DRE48,OUT049,inf
FDS51,OUT035,inf
FDM38,OUT017,inf
FDB60,OUT027,inf
FDY58,OUT035,inf
FDY22,OUT045,inf
FDF11,OUT027,inf
FDZ51,OUT035,inf
FDQ45,OUT017,inf
FDF17,OUT035,inf
NCF31,OUT027,inf
FDA37,OUT013,inf
FDO51,OUT046,inf
FDF34,OUT013,inf
FDD57,OUT018,inf
FDO37,OUT046,inf
FDR49,OUT049,inf
FDS39,OUT049,inf
FDI48,OUT027,inf
DRM35,OUT049,inf
FDV57,OUT035,inf
FDZ55,OUT013,inf
FDI28,OUT035,inf
FDS21,OUT045,inf
FDT34,OUT013,inf
DRI25,OUT035,inf
FDT47,OUT010,inf
DRH39,OUT045,inf
NCD54,OUT045,inf
FDU16,OUT027,inf
NCW29,OUT045,inf
FDV25,OUT027,inf
FDM56,OUT035,inf
FDZ04,OUT027,inf
FDG59,OUT019,inf
FDI56,OUT045,inf
FDS33,OUT035,inf
FDC23,OUT049,inf
FDT11,OUT049,inf
FDG17,OUT045,inf
FDZ44,OUT045,inf
FDJ52,OUT013,inf
DRI23,OUT046,inf
DRE15,OUT010,inf
NCF07,OUT013,inf
NCR29,OUT049,inf
FDE44,OUT019,inf
FDT23,OUT035,inf
NCG06,OUT017,inf
NCU41,OUT010,inf
FDH46,OUT017,inf
FDV31,OUT013,inf
NCT41,OUT027,inf
FDE22,OUT027,inf
FDC26,OUT045,inf
DRF51,OUT017,inf
NCY53,OUT019,inf
FDY21,OUT017,inf
FDL27,OUT013,inf
FDZ34,OUT049,inf
NCF43,OUT010,inf
FDC21,OUT035,inf
FDL26,OUT013,inf
FDT25,OUT010,inf
NCR30,OUT046,inf
DRL23,OUT019,inf
NCR05,OUT049,inf
NCE19,OUT018,inf
FDY07,OUT035,inf
FDB10,OUT017,inf
FDP57,OUT013,inf
FDU48,OUT019,inf
FDH48,OUT035,inf
FDO33,OUT035,inf
NCU29,OUT045,inf
FDW35,OUT046,inf
FDH05,OUT010,inf
FDP26,OUT049,inf
DRG27,OUT035,inf
FDQ33,OUT046,inf
FDH20,OUT010,inf
FDV14,OUT046,inf
DRD01,OUT046,inf
NCI17,OUT049,inf
FDF39,OUT010,inf
FDX37,OUT046,inf
NCX17,OUT035,inf
FDN03,OUT013,inf
NCS41,OUT010,inf
FDH34,OUT045,inf
NCX53,OUT018,inf
FDY31,OUT046,inf
FDD20,OUT017,inf
FDE51,OUT045,inf
FDV27,OUT046,inf
FDF16,OUT035,inf
FDZ02,OUT049,inf
NCK05,OUT045,inf
FDM12,OUT027,inf
NCA05,OUT018,inf
FDX33,OUT045,inf
FDM25,OUT049,inf
FDE41,OUT018,inf
FDW14,OUT045,inf
NCD30,OUT046,inf
FDB23,OUT010,inf
FDF45,OUT046,inf
FDW20,OUT017,inf
FDF47,OUT045,inf
NCR05,OUT019,inf
DRB01,OUT046,inf
FDE36,OUT013,inf
FDU56,OUT049,inf
FDB23,OUT049,inf
FDN48,OUT049,inf
FDS43,OUT013,inf
NCN05,OUT013,inf
NCL53,OUT049,inf
FDL56,OUT046,inf
FDH17,OUT018,inf
FDP37,OUT046,inf
FDG09,OUT019,inf
FDA55,OUT045,inf
FDX31,OUT049,inf
FDJ41,OUT045,inf
DRC24,OUT045,inf
FDQ21,OUT035,inf
NCT54,OUT045,inf
FDH08,OUT049,inf
FDY38,OUT018,inf
DRM11,OUT010,inf
FDG32,OUT049,inf
NCH18,OUT046,inf
FDI20,OUT035,inf
FDA33,OUT018,inf
FDN45,OUT013,inf
FDT45,OUT010,inf
FDR32,OUT035,inf
FDA48,OUT017,inf
FDN23,OUT017,inf
NCR18,OUT035,inf
FDD45,OUT046,inf
FDI22,OUT018,inf
FDT09,OUT013,inf
DRC24,OUT027,inf
FDT39,OUT046,inf
FDX28,OUT045,inf
FDA50,OUT018,inf
FDT33,OUT027,inf
FDQ60,OUT049,inf
NCM19,OUT018,inf
FDF40,OUT046,inf
NCI30,OUT035,inf
FDK34,OUT049,inf
FDA38,OUT027,inf
FDT02,OUT045,inf
FDC11,OUT017,inf
FDD08,OUT046,inf
NCS29,OUT046,inf
DRI03,OUT010,inf
FDK48,OUT035,inf
FDM52,OUT049,inf
FDP49,OUT035,inf
DRA24,OUT046,inf
NCJ43,OUT049,inf
FDE11,OUT045,inf
FDP01,OUT049,inf
FDQ59,OUT018,inf
FDA43,OUT019,inf
FDL14,OUT017,inf
FDV50,OUT010,inf
FDT01,OUT027,inf
NCC42,OUT035,inf
FDO28,OUT046,inf
FDD32,OUT019,inf
FDV45,OUT035,inf
NCW17,OUT019,inf
NCJ17,OUT027,inf
NCF18,OUT049,inf
FDP01,OUT045,inf
FDH24,OUT045,inf
FDI38,OUT027,inf
FDX03,OUT035,inf
FDY28,OUT046,inf
FDN34,OUT018,inf
FDJ02,OUT045,inf
FDW40,OUT019,inf
FDX03,OUT017,inf
FDE17,OUT027,inf
FDT58,OUT046,inf
FDI38,OUT013,inf
FDW22,OUT035,inf
FDS15,OUT027,inf
NCX06,OUT013,inf
DRK47,OUT035,inf
FDC23,OUT027,inf
FDM56,OUT010,inf
FDP21,OUT046,inf
FDP58,OUT046,inf
FDA27,OUT019,inf
FDK41,OUT019,inf
NCH42,OUT046,inf
FDG29,OUT045,inf
FDW15,OUT018,inf
FDD28,OUT018,inf
FDQ37,OUT049,inf
FDC23,OUT035,inf
FDV13,OUT035,inf
FDK33,OUT046,inf
FDO33,OUT013,inf
FDN21,OUT017,inf
NCW06,OUT027,inf
FDI38,OUT035,inf
FDC21,OUT027,inf
NCS05,OUT046,inf
NCN53,OUT049,inf
FDV40,OUT010,inf
FDG60,OUT017,inf
NCY30,OUT027,inf
FDM40,OUT045,inf
NCO30,OUT046,inf
FDK10,OUT046,inf
FDM36,OUT045,inf
FDN10,OUT013,inf
FDM46,OUT018,inf
FDX50,OUT049,inf
FDP33,OUT045,inf
FDO12,OUT045,inf
FDC28,OUT013,inf
FDO31,OUT045,inf
FDX45,OUT035,inf
FDV21,OUT049,inf
FDH04,OUT049,inf
NCG54,OUT013,inf
FDO13,OUT046,inf
FDA09,OUT027,inf
FDC38,OUT017,inf
NCO42,OUT046,inf
FDL45,OUT049,inf
NCK31,OUT013,inf
FDM39,OUT017,inf
FDC22,OUT010,inf
FDF46,OUT046,inf
FDQ37,OUT045,inf
FDH41,OUT010,inf
FDQ04,OUT046,inf
NCQ02,OUT027,inf
FDJ57,OUT027,inf
NCE07,OUT049,inf
FDE56,OUT013,inf
FDI20,OUT049,inf
FDK36,OUT018,inf
FDP08,OUT027,inf
FDF44,OUT017,inf
NCU53,OUT017,inf
FDF47,OUT035,inf
FDS55,OUT010,inf
FDZ52,OUT010,inf
FDL04,OUT018,inf
NCM26,OUT035,inf
FDX43,OUT049,inf
FDP52,OUT049,inf
DRK49,OUT045,inf
FDE38,OUT013,inf
DRF13,OUT035,inf
FDK41,OUT010,inf
FDJ04,OUT027,inf
FDZ44,OUT018,inf
FDS11,OUT013,inf
FDA55,OUT049,inf
NCW53,OUT046,inf
FDB49,OUT027,inf
FDD23,OUT017,inf
NCV42,OUT045,inf
NCZ29,OUT018,inf
FDQ26,OUT013,inf
FDV08,OUT017,inf
FDC53,OUT049,inf
FDV58,OUT010,inf
NCP02,OUT019,inf
DRI37,OUT045,inf
FDQ12,OUT049,inf
FDE33,OUT046,inf
FDX27,OUT045,inf
FDM22,OUT017,inf
NCH30,OUT019,inf
FDC04,OUT017,inf
FDO38,OUT046,inf
FDV52,OUT027,inf
FDB32,OUT013,inf
FDV43,OUT018,inf
FDI24,OUT018,inf
FDR40,OUT017,inf
FDW02,OUT049,inf
FDE44,OUT049,inf
FDL38,OUT046,inf
NCT54,OUT010,inf
DRJ39,OUT010,inf
FDW55,OUT049,inf
DRF13,OUT019,inf
NCW17,OUT049,inf
FDP13,OUT035,inf
FDS08,OUT018,inf
NCP17,OUT035,inf
NCO53,OUT035,inf
FDH19,OUT045,inf
FDJ04,OUT017,inf
FDG10,OUT049,inf
FDA40,OUT010,inf
FDI53,OUT045,inf
FDU09,OUT010,inf
FDK60,OUT045,inf
FDR43,OUT017,inf
FDW22,OUT017,inf
DRP47,OUT010,inf
DRG48,OUT010,inf
FDA14,OUT035,inf
FDU49,OUT013,inf
FDK28,OUT045,inf
FDT19,OUT046,inf
NCQ42,OUT045,inf
FDD03,OUT045,inf
NCM53,OUT013,inf
NCX53,OUT045,inf
FDV14,OUT027,inf
NCZ54,OUT017,inf
FDB39,OUT013,inf
DRC24,OUT046,inf
FDY36,OUT013,inf
FDN01,OUT035,inf
DRH25,OUT046,inf
FDV08,OUT046,inf
NCP53,OUT049,inf
FDU52,OUT010,inf
NCI42,OUT045,inf
FDZ14,OUT035,inf
FDF11,OUT046,inf
FDQ13,OUT018,inf
FDO32,OUT010,inf
DRJ37,OUT018,inf
FDY43,OUT046,inf
NCT41,OUT017,inf
NCV17,OUT045,inf
FDM04,OUT027,inf
DRB48,OUT018,inf
FDM24,OUT013,inf
FDT37,OUT049,inf
NCO05,OUT010,inf
FDL13,OUT046,inf
FDL15,OUT017,inf
FDB11,OUT018,inf
FDL14,OUT019,inf
FDY10,OUT019,inf
FDJ40,OUT049,inf
NCW18,OUT046,inf
NCY06,OUT013,inf
DRE13,OUT018,inf
FDA26,OUT045,inf
NCE19,OUT010,inf
FDE33,OUT035,inf
DRL59,OUT027,inf
FDY07,OUT046,inf
FDF57,OUT018,inf
FDM58,OUT035,inf
FDP26,OUT027,inf
FDY32,OUT046,inf
FDD51,OUT010,inf
FDU22,OUT018,inf
FDZ49,OUT018,inf
NCI42,OUT017,inf
FDT04,OUT027,inf
NCU41,OUT045,inf
FDS56,OUT045,inf
NCN42,OUT017,inf
FDK34,OUT046,inf
FDB03,OUT017,inf
DRJ25,OUT035,inf
FDT25,OUT027,inf
FDN20,OUT013,inf
FDP09,OUT013,inf
FDM20,OUT019,inf
NCG55,OUT046,inf
NCP14,OUT045,inf
NCH06,OUT046,inf
FDV52,OUT013,inf
NCL07,OUT035,inf
DRJ11,OUT027,inf
DRO59,OUT013,inf
FDW15,OUT010,inf
NCQ30,OUT035,inf
NCN54,OUT019,inf
FDY01,OUT027,inf
FDX39,OUT035,inf
FDH53,OUT027,inf
FDA57,OUT035,inf
NCC07,OUT010,inf
FDU28,OUT013,inf
FDK36,OUT010,inf
FDR36,OUT018,inf
NCQ17,OUT035,inf
FDS28,OUT019,inf
FDE08,OUT045,inf
FDU22,OUT046,inf
FDG41,OUT045,inf
FDO31,OUT010,inf
FDM21,OUT019,inf
FDU40,OUT017,inf
FDV36,OUT018,inf
FDT10,OUT027,inf
FDX38,OUT045,inf
NCU30,OUT027,inf
NCV06,OUT049,inf
FDT16,OUT035,inf
NCP41,OUT027,inf
FDZ56,OUT017,inf
FDC22,OUT035,inf
FDU10,OUT035,inf
FDS46,OUT045,inf
FDO08,OUT049,inf
NCV42,OUT018,inf
FDP33,OUT035,inf
FDJ12,OUT046,inf
FDH04,OUT045,inf
NCU54,OUT013,inf
FDO36,OUT010,inf
FDT37,OUT027,inf
FDD14,OUT010,inf
FDA16,OUT013,inf
NCS42,OUT019,inf
FDP10,OUT019,inf
FDQ28,OUT049,inf
FDK57,OUT010,inf
FDK02,OUT013,inf
FDW47,OUT018,inf
NCC42,OUT018,inf
FDQ37,OUT018,inf
FDL40,OUT046,inf
DRE13,OUT010,inf
FDQ34,OUT027,inf
NCB54,OUT046,inf
FDS48,OUT049,inf
FDO15,OUT045,inf
NCT30,OUT013,inf
FDU49,OUT027,inf
FDE21,OUT046,inf
FDS49,OUT019,inf
FDT38,OUT027,inf
FDZ01,OUT045,inf
FDC41,OUT035,inf
DRG13,OUT010,inf
NCZ42,OUT018,inf
NCM07,OUT045,inf
NCV17,OUT018,inf
DRK39,OUT035,inf
FDS37,OUT018,inf
FDV12,OUT019,inf
NCG19,OUT018,inf
FDS51,OUT013,inf
NCO14,OUT046,inf
FDC38,OUT046,inf
FDN15,OUT046,inf
NCH42,OUT013,inf
FDQ22,OUT046,inf
FDC05,OUT013,inf
FDZ31,OUT013,inf
DRJ23,OUT049,inf
FDC52,OUT035,inf
DRD12,OUT010,inf
FDV55,OUT017,inf
FDD32,OUT046,inf
FDR01,OUT049,inf
FDY08,OUT019,inf
FDQ45,OUT045,inf
DRN11,OUT027,inf
NCS05,OUT018,inf
FDY32,OUT035,inf
NCD31,OUT045,inf
NCE06,OUT049,inf
NCP14,OUT046,inf
NCF18,OUT019,inf
FDF14,OUT018,inf
FDB22,OUT017,inf
NCH54,OUT049,inf
FDU27,OUT035,inf
FDS58,OUT027,inf
NCU29,OUT035,inf
FDJ57,OUT013,inf
FDL56,OUT049,inf
FDH60,OUT035,inf
FDN24,OUT018,inf
FDD02,OUT017,inf
FDP15,OUT017,inf
FDB28,OUT027,inf
DRC49,OUT045,inf
NCG30,OUT018,inf
FDJ14,OUT049,inf
FDL52,OUT045,inf
NCG19,OUT027,inf
NCN41,OUT035,inf
FDW22,OUT013,inf
FDI02,OUT013,inf
FDV51,OUT045,inf
FDV48,OUT046,inf
NCL17,OUT019,inf
FDP46,OUT045,inf
FDU10,OUT045,inf
FDT37,OUT010,inf
FDI27,OUT035,inf
FDN51,OUT046,inf
FDW07,OUT035,inf
FDN45,OUT049,inf
DRN37,OUT027,inf
DRF48,OUT049,inf
FDP38,OUT019,inf
NCX18,OUT027,inf
FDK45,OUT018,inf
FDZ37,OUT049,inf
FDS50,OUT018,inf
NCR54,OUT018,inf
NCS17,OUT035,inf
FDV31,OUT046,inf
DRE27,OUT017,inf
FDN60,OUT013,inf
FDK26,OUT013,inf
FDX37,OUT018,inf
FDW31,OUT046,inf
FDX26,OUT018,inf
DRL49,OUT019,inf
FDU49,OUT017,inf
FDY58,OUT046,inf
FDN03,OUT045,inf
NCV06,OUT010,inf
FDH53,OUT045,inf
FDG31,OUT018,inf
NCC06,OUT045,inf
FDS13,OUT049,inf
FDP16,OUT035,inf
FDA35,OUT013,inf
DRP47,OUT018,inf
FDY28,OUT010,inf
FDY20,OUT035,inf
NCH30,OUT017,inf
NCR29,OUT019,inf
NCP05,OUT013,inf
NCF30,OUT019,inf
FDA08,OUT035,inf
FDN51,OUT027,inf
FDH12,OUT046,inf
FDY39,OUT017,inf
NCO53,OUT045,inf
FDB40,OUT046,inf
FDH02,OUT049,inf
FDY11,OUT027,inf
FDQ09,OUT019,inf
FDP16,OUT013,inf
NCF55,OUT018,inf
FDY09,OUT027,inf
FDY39,OUT045,inf
NCU53,OUT049,inf
NCT41,OUT049,inf
FDJ45,OUT046,inf
FDR28,OUT013,inf
FDN08,OUT013,inf
FDJ07,OUT049,inf
FDZ09,OUT027,inf
FDQ14,OUT017,inf
FDY12,OUT027,inf
FDK57,OUT046,inf
FDD20,OUT049,inf
FDS36,OUT018,inf
FDI40,OUT049,inf
FDJ40,OUT045,inf
FDE08,OUT013,inf
DRK01,OUT013,inf
FDC58,OUT049,inf
FDE50,OUT046,inf
FDX48,OUT035,inf
DRM35,OUT018,inf
FDG41,OUT013,inf
FDB52,OUT046,inf
FDV19,OUT045,inf
DRG48,OUT017,inf
FDI26,OUT013,inf
FDU11,OUT019,inf
FDF59,OUT019,inf
FDR07,OUT049,inf
NCE06,OUT017,inf
FDE10,OUT046,inf
NCO55,OUT046,inf
FDZ13,OUT013,inf
FDT50,OUT017,inf
FDH12,OUT010,inf
FDD21,OUT045,inf
NCM05,OUT013,inf
FDK04,OUT013,inf
FDN33,OUT017,inf
NCM18,OUT010,inf
DRC25,OUT049,inf
FDT47,OUT017,inf
FDD45,OUT027,inf
NCD07,OUT018,inf
NCY54,OUT010,inf
FDL12,OUT049,inf
FDL02,OUT017,inf
FDC60,OUT035,inf
FDR37,OUT017,inf
FDY16,OUT017,inf
FDU26,OUT045,inf
FDN24,OUT013,inf
FDH44,OUT013,inf
FDE23,OUT010,inf
FDW60,OUT017,inf
FDQ55,OUT049,inf
FDV32,OUT027,inf
FDV03,OUT010,inf
FDY14,OUT010,inf
NCL55,OUT027,inf
DRF25,OUT017,inf
FDX03,OUT046,inf
FDF40,OUT045,inf
FDX24,OUT010,inf
FDA25,OUT049,inf
FDH21,OUT018,inf
FDB47,OUT010,inf
FDT34,OUT019,inf
FDS39,OUT010,inf
NCU05,OUT046,inf
FDE02,OUT049,inf
FDL25,OUT035,inf
FDC50,OUT049,inf
FDZ32,OUT049,inf
FDV14,OUT045,inf
FDR07,OUT045,inf
FDB26,OUT049,inf
NCR50,OUT045,inf
FDP01,OUT018,inf
FDH57,OUT045,inf
FDM60,OUT027,inf
FDA45,OUT017,inf
FDU55,OUT017,inf
FDH40,OUT035,inf
FDG40,OUT019,inf
FDT12,OUT049,inf
DRL59,OUT045,inf
FDT47,OUT018,inf
FDI60,OUT017,inf
DRF51,OUT027,inf
NCK31,OUT049,inf
FDB08,OUT045,inf
FDM44,OUT035,inf
FDD46,OUT018,inf
FDR27,OUT019,inf
FDV56,OUT010,inf
FDM02,OUT049,inf
FDU45,OUT018,inf
FDZ10,OUT017,inf
NCK31,OUT010,inf
FDR27,OUT035,inf
FDF33,OUT013,inf
FDJ36,OUT046,inf
FDP33,OUT049,inf
FDG17,OUT046,inf
FDG47,OUT027,inf
NCW29,OUT046,inf
DRH59,OUT017,inf
FDR32,OUT017,inf
FDP48,OUT035,inf
FDG17,OUT035,inf
DRJ59,OUT017,inf
FDY48,OUT027,inf
FDB02,OUT046,inf
FDN10,OUT019,inf
NCD55,OUT035,inf
FDX34,OUT013,inf
FDZ38,OUT045,inf
DRF37,OUT049,inf
DRL47,OUT019,inf
FDL27,OUT035,inf
NCP53,OUT035,inf
FDT03,OUT019,inf
FDJ28,OUT035,inf
FDF40,OUT018,inf
FDA32,OUT035,inf
NCP02,OUT017,inf
FDZ31,OUT045,inf
NCQ29,OUT013,inf
FDP57,OUT010,inf
FDL32,OUT027,inf
DRB01,OUT035,inf
FDJ40,OUT046,inf
FDO24,OUT018,inf
FDO11,OUT018,inf
FDA56,OUT035,inf
FDF02,OUT045,inf
FDA10,OUT013,inf
NCI55,OUT017,inf
FDZ40,OUT010,inf
FDV08,OUT049,inf
FDN48,OUT013,inf
FDU57,OUT017,inf
DRF49,OUT013,inf
FDS02,OUT035,inf
FDS43,OUT046,inf
FDT16,OUT013,inf
FDX19,OUT027,inf
FDK15,OUT046,inf
DRA12,OUT049,inf
FDY35,OUT017,inf
NCU42,OUT013,inf
FDD26,OUT013,inf
FDR11,OUT018,inf
NCP53,OUT045,inf
FDP34,OUT045,inf
NCV41,OUT019,inf
FDN20,OUT018,inf
FDZ16,OUT018,inf
FDZ28,OUT049,inf
NCL55,OUT013,inf
NCJ17,OUT046,inf
FDT37,OUT046,inf
FDV51,OUT049,inf
FDZ28,OUT035,inf
FDN27,OUT013,inf
FDS14,OUT019,inf
FDZ58,OUT045,inf
FDD46,OUT046,inf
FDJ03,OUT035,inf
FDU03,OUT010,inf
FDA33,OUT027,inf
NCW53,OUT035,inf
NCC55,OUT017,inf
FDP52,OUT019,inf
FDE39,OUT049,inf
FDB44,OUT035,inf
FDG59,OUT013,inf
FDI05,OUT013,inf
FDF59,OUT045,inf
FDM39,OUT019,inf
FDB14,OUT013,inf
NCS05,OUT019,inf
DRJ35,OUT045,inf
FDO31,OUT019,inf
FDA31,OUT046,inf
FDX40,OUT049,inf
FDW56,OUT045,inf
FDH09,OUT018,inf
FDA52,OUT019,inf
FDF20,OUT019,inf
FDE40,OUT046,inf
NCU17,OUT046,inf
NCP14,OUT035,inf
FDN25,OUT027,inf
FDU39,OUT049,inf
NCM05,OUT017,inf
FDU07,OUT017,inf
FDF28,OUT049,inf
FDR57,OUT049,inf
FDJ33,OUT013,inf
DRH23,OUT035,inf
FDQ52,OUT046,inf
DRK13,OUT035,inf
FDP09,OUT046,inf
FDR08,OUT027,inf
FDV50,OUT045,inf
FDT13,OUT049,inf
FDJ27,OUT027,inf
FDH21,OUT046,inf
FDW14,OUT027,inf
FDL52,OUT049,inf
FDW28,OUT017,inf
FDL40,OUT049,inf
FDE24,OUT046,inf
FDX35,OUT049,inf
FDP46,OUT017,inf
FDX56,OUT045,inf
FDQ45,OUT049,inf
FDK50,OUT027,inf
FDY26,OUT045,inf
FDQ09,OUT017,inf
FDN39,OUT049,inf
FDP13,OUT017,inf
FDR51,OUT013,inf
FDZ49,OUT010,inf
FDL28,OUT018,inf
FDZ10,OUT035,inf
FDK38,OUT013,inf
DRL49,OUT027,inf
FDR15,OUT013,inf
FDQ24,OUT035,inf
FDD56,OUT013,inf
NCR42,OUT046,inf
FDH52,OUT045,inf
FDH57,OUT019,inf
FDR15,OUT010,inf
FDJ34,OUT035,inf
FDW37,OUT035,inf
FDQ23,OUT018,inf
FDP34,OUT013,inf
FDE04,OUT027,inf
FDC48,OUT045,inf
FDA47,OUT019,inf
FDI35,OUT018,inf
NCV05,OUT013,inf
FDR28,OUT045,inf
FDH31,OUT017,inf
FDP59,OUT019,inf
FDS19,OUT018,inf
FDM60,OUT045,inf
FDJ44,OUT018,inf
DRH51,OUT017,inf
DRC25,OUT017,inf
DRE25,OUT013,inf
NCX05,OUT049,inf
FDR11,OUT017,inf
DRP47,OUT045,inf
DRC49,OUT019,inf
FDQ47,OUT027,inf
FDL20,OUT013,inf
FDM34,OUT035,inf
NCN55,OUT013,inf
FDD41,OUT035,inf
FDE52,OUT049,inf
NCT18,OUT019,inf
FDJ32,OUT018,inf
FDE16,OUT046,inf
FDZ09,OUT045,inf
DRZ11,OUT046,inf
FDK41,OUT049,inf
FDE56,OUT049,inf
FDH34,OUT013,inf
DRI49,OUT013,inf
DRI59,OUT046,inf
DRC36,OUT049,inf
FDS15,OUT019,inf
FDI07,OUT018,inf
FDZ15,OUT018,inf
NCX41,OUT027,inf
NCO29,OUT019,inf
FDF57,OUT013,inf
FDI33,OUT035,inf
DRJ47,OUT049,inf
FDB34,OUT046,inf
FDY22,OUT027,inf
DRL11,OUT017,inf
FDY46,OUT035,inf
FDG17,OUT013,inf
FDE52,OUT018,inf
DRP47,OUT027,inf
FDO01,OUT010,inf
FDL09,OUT046,inf
FDR57,OUT013,inf
DRD37,OUT035,inf
FDQ36,OUT027,inf
FDL33,OUT049,inf
FDL48,OUT045,inf
FDL28,OUT049,inf
NCN29,OUT046,inf
FDO13,OUT035,inf
FDB38,OUT045,inf
FDI36,OUT035,inf
FDI58,OUT035,inf
FDH22,OUT018,inf
FDQ27,OUT013,inf
FDT33,OUT046,inf
FDC56,OUT045,inf
FDF14,OUT046,inf
FDQ39,OUT017,inf
NCM43,OUT017,inf
FDS46,OUT035,inf
FDI22,OUT049,inf
NCE43,OUT045,inf
FDZ36,OUT010,inf
FDR13,OUT019,inf
FDP46,OUT018,inf
FDW56,OUT019,inf
FDB40,OUT017,inf
FDM28,OUT018,inf
FDV49,OUT013,inf
NCS53,OUT018,inf
FDO03,OUT049,inf
FDT15,OUT035,inf
FDD33,OUT049,inf
FDX13,OUT017,inf
FDH60,OUT013,inf
DRH51,OUT046,inf
NCL07,OUT049,inf
FDW51,OUT045,inf
FDF21,OUT019,inf
FDH26,OUT019,inf
FDJ03,OUT049,inf
FDU35,OUT017,inf
DRL01,OUT018,inf
FDE59,OUT045,inf
FDI60,OUT035,inf
DRH39,OUT035,inf
FDK36,OUT049,inf
FDN52,OUT045,inf
FDU12,OUT017,inf
NCT05,OUT027,inf
FDS37,OUT027,inf
FDK24,OUT017,inf
DRF36,OUT013,inf
FDN46,OUT010,inf
NCN06,OUT045,inf
FDD59,OUT035,inf
FDM14,OUT045,inf
FDO10,OUT018,inf
FDU35,OUT013,inf
NCA30,OUT018,inf
NCO41,OUT049,inf
FDI24,OUT046,inf
FDZ16,OUT046,inf
FDV47,OUT046,inf
FDV16,OUT045,inf
FDZ22,OUT035,inf
FDO20,OUT010,inf
FDW38,OUT013,inf
FDW52,OUT045,inf
FDT43,OUT019,inf
NCS29,OUT045,inf
NCC31,OUT017,inf
FDA21,OUT017,inf
FDQ55,OUT046,inf
NCE54,OUT049,inf
FDD45,OUT017,inf
NCP17,OUT017,inf
FDR47,OUT035,inf
DRM35,OUT013,inf
FDR47,OUT019,inf
FDX19,OUT010,inf
FDV22,OUT027,inf
FDQ46,OUT027,inf
DRO47,OUT045,inf
FDB44,OUT010,inf
FDN02,OUT010,inf
FDW10,OUT045,inf
FDJ41,OUT019,inf
FDM50,OUT046,inf
FDW10,OUT035,inf
FDY48,OUT049,inf
NCE30,OUT027,inf
FDO04,OUT045,inf
FDQ26,OUT010,inf
NCX29,OUT018,inf
FDE39,OUT046,inf
NCR54,OUT027,inf
NCP55,OUT027,inf
FDX22,OUT017,inf
FDI05,OUT035,inf
FDC51,OUT027,inf
FDC10,OUT013,inf
FDJ46,OUT045,inf
FDV10,OUT010,inf
FDX12,OUT027,inf
FDL43,OUT019,inf
DRB13,OUT046,inf
FDF59,OUT027,inf
FDT35,OUT049,inf
NCJ19,OUT035,inf
FDT35,OUT018,inf
FDI48,OUT046,inf
DRC24,OUT019,inf
NCZ05,OUT017,inf
FDJ57,OUT049,inf
FDX11,OUT017,inf
FDE09,OUT035,inf
NCK06,OUT049,inf
DRE37,OUT017,inf
FDV56,OUT046,inf
FDY43,OUT017,inf
FDV35,OUT013,inf
FDF05,OUT019,inf
FDA36,OUT035,inf
FDS13,OUT027,inf
FDU47,OUT013,inf
FDI36,OUT010,inf
FDH48,OUT046,inf
FDZ14,OUT013,inf
FDS46,OUT013,inf
FDE21,OUT017,inf
FDA26,OUT049,inf
FDV12,OUT046,inf
FDL46,OUT019,inf
FDN57,OUT013,inf
NCJ18,OUT017,inf
FDO36,OUT045,inf
FDX55,OUT018,inf
FDT25,OUT019,inf
FDD16,OUT049,inf
NCX18,OUT013,inf
NCG55,OUT018,inf
NCV18,OUT049,inf
NCS18,OUT035,inf
FDC37,OUT045,inf
FDE47,OUT046,inf
DRG49,OUT019,inf
FDC39,OUT049,inf
FDH24,OUT019,inf
FDV39,OUT027,inf
NCL17,OUT045,inf
NCY53,OUT035,inf
FDH52,OUT013,inf
NCD19,OUT018,inf
FDI44,OUT046,inf
DRD49,OUT027,inf
FDN08,OUT035,inf
FDO20,OUT027,inf
FDY02,OUT046,inf
FDX23,OUT045,inf
FDX01,OUT017,inf
FDH20,OUT027,inf
NCX41,OUT017,inf
FDD21,OUT027,inf
DRH11,OUT019,inf
DRE60,OUT018,inf
FDB10,OUT013,inf
FDH38,OUT013,inf
NCL07,OUT018,inf
FDD48,OUT046,inf
NCT54,OUT027,inf
FDF32,OUT027,inf
DRH51,OUT045,inf
DRG03,OUT035,inf
NCY42,OUT019,inf
FDH32,OUT017,inf
NCJ06,OUT027,inf
FDH47,OUT027,inf
FDZ08,OUT018,inf
FDK16,OUT017,inf
DRG01,OUT018,inf
NCM53,OUT027,inf
NCB07,OUT035,inf
NCZ06,OUT035,inf
FDU48,OUT049,inf
NCB55,OUT027,inf
FDP15,OUT013,inf
FDF17,OUT046,inf
NCN06,OUT049,inf
DRM48,OUT018,inf
FDH10,OUT046,inf
FDC60,OUT018,inf
FDE35,OUT018,inf
DRI23,OUT013,inf
NCR38,OUT013,inf
FDP04,OUT035,inf
NCW17,OUT045,inf
FDX34,OUT017,inf
NCK53,OUT045,inf
NCO54,OUT010,inf
NCH55,OUT046,inf
FDT44,OUT027,inf
DRG49,OUT046,inf
FDX46,OUT010,inf
DRG36,OUT049,inf
FDU37,OUT049,inf
FDK10,OUT049,inf
DRF37,OUT027,inf
FDC44,OUT035,inf
FDP15,OUT046,inf
FDZ27,OUT027,inf
FDY22,OUT019,inf
DRG51,OUT035,inf
FDN58,OUT045,inf
FDW01,OUT049,inf
FDX24,OUT018,inf
FDO51,OUT017,inf
FDJ52,OUT027,inf
NCY06,OUT010,inf
FDE20,OUT018,inf
FDT23,OUT010,inf
FDQ51,OUT046,inf
FDE35,OUT046,inf
FDB46,OUT013,inf
NCG19,OUT035,inf
NCL06,OUT018,inf
FDT36,OUT019,inf
FDC56,OUT049,inf
FDJ26,OUT049,inf
FDZ59,OUT017,inf
FDV11,OUT027,inf
FDR13,OUT010,inf
FDI15,OUT018,inf
FDF47,OUT018,inf
NCB54,OUT019,inf
NCK19,OUT027,inf
FDX16,OUT017,inf
FDL50,OUT045,inf
NCE31,OUT035,inf
DRJ01,OUT049,inf
FDE22,OUT013,inf
FDY20,OUT019,inf
NCO14,OUT045,inf
NCR50,OUT017,inf
DRM47,OUT017,inf
FDO27,OUT010,inf
FDJ20,OUT027,inf
NCX17,OUT013,inf
FDG59,OUT049,inf
FDD52,OUT045,inf
FDO48,OUT017,inf
FDC59,OUT019,inf
FDS15,OUT018,inf
FDB47,OUT035,inf
FDV14,OUT019,inf
FDB27,OUT013,inf
FDA35,OUT035,inf
FDN51,OUT018,inf
FDO39,OUT019,inf
FDB28,OUT049,inf
DRJ25,OUT046,inf
FDH46,OUT027,inf
FDI10,OUT045,inf
FDU21,OUT018,inf
FDD09,OUT049,inf
FDD10,OUT046,inf
FDN31,OUT010,inf
FDA46,OUT018,inf
FDM56,OUT046,inf
FDF11,OUT010,inf
FDS32,OUT018,inf
NCM06,OUT013,inf
FDZ26,OUT045,inf
FDO01,OUT013,inf
FDJ46,OUT049,inf
FDG26,OUT019,inf
FDZ38,OUT035,inf
NCO55,OUT013,inf
FDT60,OUT035,inf
FDW37,OUT049,inf
NCK42,OUT018,inf
FDA45,OUT046,inf
FDW55,OUT018,inf
FDY44,OUT017,inf
FDQ31,OUT017,inf
FDM09,OUT049,inf
FDH12,OUT018,inf
NCQ43,OUT035,inf
FDT33,OUT035,inf
NCT41,OUT018,inf
DRJ25,OUT010,inf
NCQ41,OUT046,inf
NCN17,OUT049,inf
DRO35,OUT027,inf
FDU27,OUT018,inf
FDY43,OUT027,inf
FDG46,OUT035,inf
DRL49,OUT018,inf
NCB55,OUT049,inf
FDK28,OUT049,inf
FDO49,OUT045,inf
FDT03,OUT013,inf
FDW33,OUT027,inf
FDR02,OUT035,inf
FDF50,OUT013,inf
FDA40,OUT018,inf
NCT53,OUT018,inf
FDY60,OUT035,inf
FDP44,OUT027,inf
NCQ50,OUT045,inf
NCC30,OUT017,inf
FDQ60,OUT018,inf
FDG41,OUT046,inf
FDQ03,OUT046,inf
FDM03,OUT045,inf
FDZ51,OUT018,inf
DRF51,OUT035,inf
FDF39,OUT017,inf
FDW52,OUT035,inf
FDY22,OUT049,inf
FDG14,OUT013,inf
FDA57,OUT017,inf
FDL45,OUT019,inf
FDX28,OUT046,inf
NCQ54,OUT013,inf
FDH40,OUT045,inf
FDU52,OUT035,inf
FDT60,OUT010,inf
FDK08,OUT045,inf
FDN04,OUT049,inf
FDE50,OUT013,inf
FDI16,OUT049,inf
FDM50,OUT049,inf
NCV30,OUT049,inf
FDT44,OUT013,inf
FDY60,OUT013,inf
FDT56,OUT017,inf
FDV58,OUT018,inf
FDU04,OUT013,inf
NCN05,OUT027,inf
FDI53,OUT018,inf
FDD34,OUT046,inf
FDW47,OUT027,inf
FDT51,OUT027,inf
FDO27,OUT013,inf
NCQ18,OUT018,inf
NCW05,OUT013,inf
FDI15,OUT010,inf
NCH43,OUT010,inf
FDT40,OUT049,inf
NCG19,OUT017,inf
NCM30,OUT035,inf
FDB38,OUT017,inf
FDB22,OUT046,inf
FDC58,OUT046,inf
NCI29,OUT013,inf
FDA23,OUT010,inf
DRG48,OUT013,inf
FDV21,OUT013,inf
NCG18,OUT019,inf
FDG40,OUT045,inf
FDU24,OUT018,inf
FDA22,OUT049,inf
FDY35,OUT046,inf
FDJ15,OUT045,inf
NCW18,OUT018,inf
FDK56,OUT018,inf
FDF44,OUT046,inf
FDP51,OUT049,inf
FDU22,OUT027,inf
FDM28,OUT017,inf
NCL42,OUT046,inf
FDJ15,OUT019,inf
FDI32,OUT018,inf
DRL11,OUT046,inf
DRO59,OUT018,inf
FDA07,OUT019,inf
NCO53,OUT013,inf
FDO21,OUT045,inf
FDW39,OUT045,inf
NCV17,OUT013,inf
FDE22,OUT046,inf
NCB06,OUT018,inf
DRF48,OUT017,inf
FDB05,OUT013,inf
FDP28,OUT027,inf
FDP23,OUT046,inf
NCS41,OUT018,inf
FDS40,OUT018,inf
FDA16,OUT017,inf
FDN20,OUT035,inf
FDF04,OUT027,inf
DRG36,OUT018,inf
FDW16,OUT018,inf
FDU09,OUT017,inf
FDW01,OUT046,inf
FDB15,OUT045,inf
NCJ17,OUT049,inf
NCT18,OUT018,inf
FDG16,OUT018,inf
FDP27,OUT017,inf
FDQ44,OUT027,inf
FDL50,OUT027,inf
FDW57,OUT027,inf
FDS34,OUT013,inf
NCV30,OUT035,inf
FDD26,OUT018,inf
FDA03,OUT045,inf
FDS27,OUT018,inf
FDM12,OUT013,inf
NCV42,OUT027,inf
NCS41,OUT046,inf
FDN56,OUT018,inf
DRK59,OUT046,inf
NCG18,OUT046,inf
NCN26,OUT017,inf
FDI60,OUT027,inf
NCI43,OUT049,inf
NCL17,OUT049,inf
FDQ19,OUT019,inf
FDY43,OUT049,inf
FDR36,OUT049,inf
FDJ58,OUT049,inf
DRY23,OUT045,inf
FDK26,OUT027,inf
DRH03,OUT045,inf
FDC10,OUT010,inf
FDD23,OUT013,inf
FDP32,OUT045,inf
FDO31,OUT035,inf
FDQ57,OUT013,inf
FDX32,OUT027,inf
FDC39,OUT027,inf
FDU55,OUT046,inf
FDL45,OUT013,inf
DRK37,OUT049,inf
FDK22,OUT013,inf
DRG37,OUT027,inf
FDK22,OUT017,inf
DRH36,OUT018,inf
DRC36,OUT018,inf
DRE03,OUT027,inf
FDF34,OUT046,inf
FDZ22,OUT046,inf
FDC44,OUT010,inf
FDN31,OUT027,inf
FDO03,OUT017,inf
FDA01,OUT049,inf
NCH42,OUT049,inf
FDF46,OUT018,inf
DRL35,OUT046,inf
FDW46,OUT049,inf
FDB58,OUT046,inf
FDD47,OUT018,inf
NCO17,OUT045,inf
FDJ26,OUT017,inf
FDU37,OUT045,inf
